# Made in Blockbench 4.10.4
mtllib spherical_tank.mtl

o cube
v 0.075285 0 -1.015315
v -0.27117 0 -0.871809
v -0.27117 0.25 -0.871809
v 0.075285 0.25 -1.015315
v 0.218791 0 -0.66886
v 0.218791 0.25 -0.66886
v -0.127664 0 -0.525354
v -0.127664 0.25 -0.525354
vt 0.71875 0
vt 0.8125 0
vt 0.8125 0.0625
vt 0.71875 0.0625
vt 0.625 0
vt 0.71875 0
vt 0.71875 0.0625
vt 0.625 0.0625
vt 0.90625 0
vt 1 0
vt 1 0.0625
vt 0.90625 0.0625
vt 0.8125 0
vt 0.90625 0
vt 0.90625 0.0625
vt 0.8125 0.0625
vt 0.71875 0.25
vt 0.625 0.25
vt 0.625 0.15625
vt 0.71875 0.15625
vt 0.71875 0.0625
vt 0.625 0.0625
vt 0.625 0.15625
vt 0.71875 0.15625
vn -0.3826826135183485 0 -0.9238798716882876
vn 0.9238798716882876 0 -0.38268261351834854
vn 0.3826826135183485 0 0.9238798716882876
vn -0.9238798716882876 0 0.38268261351834854
vn 0 1 0
vn 0 -1 0
usemtl m_2ab8e999-2bb2-c5de-f933-9ce460c98f14
f 1/1/1 2/2/1 3/3/1 4/4/1
f 5/5/2 1/6/2 4/7/2 6/8/2
f 7/9/3 5/10/3 6/11/3 8/12/3
f 2/13/4 7/14/4 8/15/4 3/16/4
f 8/17/5 6/18/5 4/19/5 3/20/5
f 2/21/6 1/22/6 5/23/6 7/24/6
o cube.000
v 0.04146 0.25 -0.933655
v -0.18951 0.25 -0.837984
v -0.18951 2.5 -0.837983
v 0.04146 2.5 -0.933654
v 0.137131 0.25 -0.702685
v 0.137131 2.5 -0.702684
v -0.093839 0.25 -0.607014
v -0.093839 2.5 -0.607014
vt 0.8125 0.0625
vt 0.875 0.0625
vt 0.875 0.625
vt 0.8125 0.625
vt 0.75 0.0625
vt 0.8125 0.0625
vt 0.8125 0.625
vt 0.75 0.625
vt 0.9375 0.0625
vt 1 0.0625
vt 1 0.625
vt 0.9375 0.625
vt 0.875 0.0625
vt 0.9375 0.0625
vt 0.9375 0.625
vt 0.875 0.625
vt 0.75 0.625
vt 0.6875 0.625
vt 0.6875 0.5625
vt 0.75 0.5625
vn -0.38268375158931034 4.10613066757414e-7 -0.9238794002841295
vn 0.9238794002841939 1.700816673803758e-7 -0.38268375158933676
vn 0.38268375158930984 -4.106130668005893e-7 0.9238794002841295
vn -0.9238794002842073 0 0.38268375158934254
vn 0 1 0
usemtl m_2ab8e999-2bb2-c5de-f933-9ce460c98f14
f 9/25/7 10/26/7 11/27/7 12/28/7
f 13/29/8 9/30/8 12/31/8 14/32/8
f 15/33/9 13/34/9 14/35/9 16/36/9
f 10/37/10 15/38/10 16/39/10 11/40/10
f 16/41/11 14/42/11 12/43/11 11/44/11
o cube.001
v 0.720971 1.28125 -0.90625
v 0.5 1.060279 -0.90625
v 0.279029 1.28125 -0.90625
v 0.5 1.502221 -0.90625
v 0.720971 1.28125 -0.71875
v 0.5 1.502221 -0.71875
v 0.5 1.060279 -0.71875
v 0.279029 1.28125 -0.71875
vt 0.625 0.25
vt 0.703125 0.25
vt 0.703125 0.328125
vt 0.625 0.328125
vt 0.703125 0.328125
vt 0.703125 0.375
vt 0.625 0.375
vt 0.625 0.328125
vt 0.625 0.25
vt 0.703125 0.25
vt 0.703125 0.328125
vt 0.625 0.328125
vt 0.703125 0.328125
vt 0.703125 0.375
vt 0.625 0.375
vt 0.625 0.328125
vt 0.703125 0.421875
vt 0.625 0.421875
vt 0.625 0.375
vt 0.703125 0.375
vt 0.703125 0.421875
vt 0.625 0.421875
vt 0.625 0.375
vt 0.703125 0.375
vn 0 0 -1
vn 0.7071067811865476 0.7071067811865476 0
vn 0 0 1
vn -0.7071067811865477 -0.7071067811865475 0
vn -0.7071067811865477 0.7071067811865475 0
vn 0.7071067811865476 -0.7071067811865476 0
usemtl m_2ab8e999-2bb2-c5de-f933-9ce460c98f14
f 17/45/12 18/46/12 19/47/12 20/48/12
f 21/49/13 17/50/13 20/51/13 22/52/13
f 23/53/14 21/54/14 22/55/14 24/56/14
f 18/57/15 23/58/15 24/59/15 19/60/15
f 24/61/16 22/62/16 20/63/16 19/64/16
f 18/65/17 17/66/17 21/67/17 23/68/17
o cube.002
v 1.03033 1.723192 -0.875
v 0.058058 0.75092 -0.875
v -0.03033 0.839308 -0.875
v 0.941942 1.81158 -0.875
v 0.058058 0.75092 -0.75
v 1.03033 1.723192 -0.75
v 0.941942 1.81158 -0.75
v -0.03033 0.839308 -0.75
vt 0.75 0.0625
vt 0.75 0.40625
vt 0.71875 0.40625
vt 0.71875 0.0625
vt 0.75 0.0625
vt 0.75 0.40625
vt 0.71875 0.40625
vt 0.71875 0.0625
vt 0.75 0.0625
vt 0.75 0.40625
vt 0.71875 0.40625
vt 0.71875 0.0625
vt 0.75 0.0625
vt 0.75 0.40625
vt 0.71875 0.40625
vt 0.71875 0.0625
vn 0 0 -1
vn 0 0 1
vn -0.7071067811865476 0.7071067811865476 0
vn 0.7071067811865476 -0.7071067811865476 0
usemtl m_2ab8e999-2bb2-c5de-f933-9ce460c98f14
f 25/69/18 26/70/18 27/71/18 28/72/18
f 29/73/19 30/74/19 31/75/19 32/76/19
f 32/77/20 31/78/20 28/79/20 27/80/20
f 26/81/21 25/82/21 30/83/21 29/84/21
o cube.003
v 0.941942 0.75092 -0.875
v -0.03033 1.723192 -0.875
v 0.058058 1.81158 -0.875
v 1.03033 0.839308 -0.875
v -0.03033 1.723192 -0.75
v 0.941942 0.75092 -0.75
v 1.03033 0.839308 -0.75
v 0.058058 1.81158 -0.75
vt 0.75 0.0625
vt 0.75 0.40625
vt 0.71875 0.40625
vt 0.71875 0.0625
vt 0.75 0.0625
vt 0.75 0.40625
vt 0.71875 0.40625
vt 0.71875 0.0625
vt 0.75 0.0625
vt 0.75 0.40625
vt 0.71875 0.40625
vt 0.71875 0.0625
vt 0.75 0.0625
vt 0.75 0.40625
vt 0.71875 0.40625
vt 0.71875 0.0625
vn 0 0 -1
vn 0 0 1
vn 0.7071067811865475 0.7071067811865476 0
vn -0.7071067811865476 -0.7071067811865475 0
usemtl m_2ab8e999-2bb2-c5de-f933-9ce460c98f14
f 33/85/22 34/86/22 35/87/22 36/88/22
f 37/89/23 38/90/23 39/91/23 40/92/23
f 40/93/24 39/94/24 36/95/24 35/96/24
f 34/97/25 33/98/25 38/99/25 37/100/25
o cube.044
v 1.650619 1.28125 -0.338119
v 1.494369 1.060279 -0.494369
v 1.338119 1.28125 -0.650619
v 1.494369 1.502221 -0.494369
v 1.518036 1.28125 -0.205536
v 1.361786 1.502221 -0.361786
v 1.361786 1.060279 -0.361786
v 1.205536 1.28125 -0.518036
vt 0.625 0.25
vt 0.703125 0.25
vt 0.703125 0.328125
vt 0.625 0.328125
vt 0.703125 0.328125
vt 0.703125 0.375
vt 0.625 0.375
vt 0.625 0.328125
vt 0.625 0.25
vt 0.703125 0.25
vt 0.703125 0.328125
vt 0.625 0.328125
vt 0.703125 0.328125
vt 0.703125 0.375
vt 0.625 0.375
vt 0.625 0.328125
vt 0.703125 0.421875
vt 0.625 0.421875
vt 0.625 0.375
vt 0.703125 0.375
vt 0.703125 0.421875
vt 0.625 0.421875
vt 0.625 0.375
vt 0.703125 0.375
vn 0.7071067811865475 7.105423149118096e-17 -0.7071067811865476
vn 0.5000001480728502 0.7071065717798521 0.5000001480728506
vn -0.7071067811865476 0 0.7071067811865476
vn -0.5000001480728501 -0.7071065717798524 -0.5000001480728505
vn -0.5000001480728502 0.7071065717798523 -0.5000001480728505
vn 0.5000001480728502 -0.7071065717798523 0.5000001480728508
usemtl m_2ab8e999-2bb2-c5de-f933-9ce460c98f14
f 41/101/26 42/102/26 43/103/26 44/104/26
f 45/105/27 41/106/27 44/107/27 46/108/27
f 47/109/28 45/110/28 46/111/28 48/112/28
f 42/113/29 47/114/29 48/115/29 43/116/29
f 48/117/30 46/118/30 44/119/30 43/120/30
f 42/121/31 41/122/31 45/123/31 47/124/31
o cube.045
v 1.847272 1.723192 -0.097272
v 1.159772 0.75092 -0.784772
v 1.097272 0.839308 -0.847272
v 1.784772 1.81158 -0.159772
v 1.071383 0.75092 -0.696383
v 1.758883 1.723192 -0.008883
v 1.696383 1.81158 -0.071383
v 1.008883 0.839308 -0.758883
vt 0.75 0.0625
vt 0.75 0.40625
vt 0.71875 0.40625
vt 0.71875 0.0625
vt 0.75 0.0625
vt 0.75 0.40625
vt 0.71875 0.40625
vt 0.71875 0.0625
vt 0.75 0.0625
vt 0.75 0.40625
vt 0.71875 0.40625
vt 0.71875 0.0625
vt 0.75 0.0625
vt 0.75 0.40625
vt 0.71875 0.40625
vt 0.71875 0.0625
vn 0.7071067811865476 0 -0.7071067811865476
vn -0.7071067811865476 0 0.7071067811865476
vn -0.5000000452210147 0.7071067172343695 -0.5000000452210147
vn 0.5000000452210143 -0.7071067172343697 0.5000000452210149
usemtl m_2ab8e999-2bb2-c5de-f933-9ce460c98f14
f 49/125/32 50/126/32 51/127/32 52/128/32
f 53/129/33 54/130/33 55/131/33 56/132/33
f 56/133/34 55/134/34 52/135/34 51/136/34
f 50/137/35 49/138/35 54/139/35 53/140/35
o cube.046
v 1.784772 0.75092 -0.159772
v 1.097272 1.723192 -0.847272
v 1.159772 1.81158 -0.784772
v 1.847272 0.839308 -0.097272
v 1.008883 1.723192 -0.758883
v 1.696383 0.75092 -0.071383
v 1.758883 0.839308 -0.008883
v 1.071383 1.81158 -0.696383
vt 0.75 0.0625
vt 0.75 0.40625
vt 0.71875 0.40625
vt 0.71875 0.0625
vt 0.75 0.0625
vt 0.75 0.40625
vt 0.71875 0.40625
vt 0.71875 0.0625
vt 0.75 0.0625
vt 0.75 0.40625
vt 0.71875 0.40625
vt 0.71875 0.0625
vt 0.75 0.0625
vt 0.75 0.40625
vt 0.71875 0.40625
vt 0.71875 0.0625
vn 0.7071067811865476 0 -0.7071067811865476
vn -0.7071067811865476 0 0.7071067811865476
vn 0.5000000452210147 0.7071067172343695 0.5000000452210147
vn -0.5000000452210143 -0.7071067172343697 -0.5000000452210149
usemtl m_2ab8e999-2bb2-c5de-f933-9ce460c98f14
f 57/141/36 58/142/36 59/143/36 60/144/36
f 61/145/37 62/146/37 63/147/37 64/148/37
f 64/149/38 63/150/38 60/151/38 59/152/38
f 58/153/39 57/154/39 62/155/39 61/156/39
o cube.047
v 1.27117 0 -0.871809
v 0.924715 0 -1.015315
v 0.924715 0.25 -1.015315
v 1.27117 0.25 -0.871809
v 1.127664 0 -0.525354
v 1.127664 0.25 -0.525354
v 0.781209 0 -0.66886
v 0.781209 0.25 -0.66886
vt 0.71875 0
vt 0.8125 0
vt 0.8125 0.0625
vt 0.71875 0.0625
vt 0.625 0
vt 0.71875 0
vt 0.71875 0.0625
vt 0.625 0.0625
vt 0.90625 0
vt 1 0
vt 1 0.0625
vt 0.90625 0.0625
vt 0.8125 0
vt 0.90625 0
vt 0.90625 0.0625
vt 0.8125 0.0625
vt 0.71875 0.25
vt 0.625 0.25
vt 0.625 0.15625
vt 0.71875 0.15625
vt 0.71875 0.0625
vt 0.625 0.0625
vt 0.625 0.15625
vt 0.71875 0.15625
vn 0.38268261351834854 0 -0.9238798716882876
vn 0.9238798716882876 0 0.3826826135183482
vn -0.38268261351834854 0 0.9238798716882876
vn -0.9238798716882876 0 -0.3826826135183482
vn 0 1 0
vn 0 -1 0
usemtl m_2ab8e999-2bb2-c5de-f933-9ce460c98f14
f 65/157/40 66/158/40 67/159/40 68/160/40
f 69/161/41 65/162/41 68/163/41 70/164/41
f 71/165/42 69/166/42 70/167/42 72/168/42
f 66/169/43 71/170/43 72/171/43 67/172/43
f 72/173/44 70/174/44 68/175/44 67/176/44
f 66/177/45 65/178/45 69/179/45 71/180/45
o cube.048
v 1.18951 0.25 -0.837984
v 0.95854 0.25 -0.933655
v 0.95854 2.5 -0.933654
v 1.18951 2.5 -0.837983
v 1.093839 0.25 -0.607014
v 1.093839 2.5 -0.607014
v 0.862869 0.25 -0.702685
v 0.862869 2.5 -0.702684
vt 0.8125 0.0625
vt 0.875 0.0625
vt 0.875 0.625
vt 0.8125 0.625
vt 0.75 0.0625
vt 0.8125 0.0625
vt 0.8125 0.625
vt 0.75 0.625
vt 0.9375 0.0625
vt 1 0.0625
vt 1 0.625
vt 0.9375 0.625
vt 0.875 0.0625
vt 0.9375 0.0625
vt 0.9375 0.625
vt 0.875 0.625
vt 0.75 0.625
vt 0.6875 0.625
vt 0.6875 0.5625
vt 0.75 0.5625
vn 0.38268375158931006 4.106130668067569e-7 -0.9238794002841293
vn 0.9238794002841938 -1.7008166736187215e-7 0.3826837515893371
vn -0.3826837515893422 0 0.9238794002842076
vn -0.923879400284194 1.7008166738037583e-7 -0.3826837515893366
vn 0 1 0
usemtl m_2ab8e999-2bb2-c5de-f933-9ce460c98f14
f 73/181/46 74/182/46 75/183/46 76/184/46
f 77/185/47 73/186/47 76/187/47 78/188/47
f 79/189/48 77/190/48 78/191/48 80/192/48
f 74/193/49 79/194/49 80/195/49 75/196/49
f 80/197/50 78/198/50 76/199/50 75/200/50
o cube.049
v 1.90625 1.28125 0.720971
v 1.90625 1.060279 0.5
v 1.90625 1.28125 0.279029
v 1.90625 1.502221 0.5
v 1.71875 1.28125 0.720971
v 1.71875 1.502221 0.5
v 1.71875 1.060279 0.5
v 1.71875 1.28125 0.279029
vt 0.625 0.25
vt 0.703125 0.25
vt 0.703125 0.328125
vt 0.625 0.328125
vt 0.703125 0.328125
vt 0.703125 0.375
vt 0.625 0.375
vt 0.625 0.328125
vt 0.625 0.25
vt 0.703125 0.25
vt 0.703125 0.328125
vt 0.625 0.328125
vt 0.703125 0.328125
vt 0.703125 0.375
vt 0.625 0.375
vt 0.625 0.328125
vt 0.703125 0.421875
vt 0.625 0.421875
vt 0.625 0.375
vt 0.703125 0.375
vt 0.703125 0.421875
vt 0.625 0.421875
vt 0.625 0.375
vt 0.703125 0.375
vn 1 0 0
vn 0 0.7071067811865476 0.7071067811865476
vn -1 0 0
vn 0 -0.7071067811865475 -0.7071067811865477
vn 0 0.7071067811865475 -0.7071067811865477
vn 0 -0.7071067811865476 0.7071067811865476
usemtl m_2ab8e999-2bb2-c5de-f933-9ce460c98f14
f 81/201/51 82/202/51 83/203/51 84/204/51
f 85/205/52 81/206/52 84/207/52 86/208/52
f 87/209/53 85/210/53 86/211/53 88/212/53
f 82/213/54 87/214/54 88/215/54 83/216/54
f 88/217/55 86/218/55 84/219/55 83/220/55
f 82/221/56 81/222/56 85/223/56 87/224/56
o cube.050
v 1.875 1.723192 1.03033
v 1.875 0.75092 0.058058
v 1.875 0.839308 -0.03033
v 1.875 1.81158 0.941942
v 1.75 0.75092 0.058058
v 1.75 1.723192 1.03033
v 1.75 1.81158 0.941942
v 1.75 0.839308 -0.03033
vt 0.75 0.0625
vt 0.75 0.40625
vt 0.71875 0.40625
vt 0.71875 0.0625
vt 0.75 0.0625
vt 0.75 0.40625
vt 0.71875 0.40625
vt 0.71875 0.0625
vt 0.75 0.0625
vt 0.75 0.40625
vt 0.71875 0.40625
vt 0.71875 0.0625
vt 0.75 0.0625
vt 0.75 0.40625
vt 0.71875 0.40625
vt 0.71875 0.0625
vn 1 0 0
vn -1 0 0
vn 0 0.7071067811865476 -0.7071067811865476
vn 0 -0.7071067811865476 0.7071067811865476
usemtl m_2ab8e999-2bb2-c5de-f933-9ce460c98f14
f 89/225/57 90/226/57 91/227/57 92/228/57
f 93/229/58 94/230/58 95/231/58 96/232/58
f 96/233/59 95/234/59 92/235/59 91/236/59
f 90/237/60 89/238/60 94/239/60 93/240/60
o cube.051
v 1.875 0.75092 0.941942
v 1.875 1.723192 -0.03033
v 1.875 1.81158 0.058059
v 1.875 0.839308 1.03033
v 1.75 1.723192 -0.03033
v 1.75 0.75092 0.941942
v 1.75 0.839308 1.03033
v 1.75 1.81158 0.058059
vt 0.75 0.0625
vt 0.75 0.40625
vt 0.71875 0.40625
vt 0.71875 0.0625
vt 0.75 0.0625
vt 0.75 0.40625
vt 0.71875 0.40625
vt 0.71875 0.0625
vt 0.75 0.0625
vt 0.75 0.40625
vt 0.71875 0.40625
vt 0.71875 0.0625
vt 0.75 0.0625
vt 0.75 0.40625
vt 0.71875 0.40625
vt 0.71875 0.0625
vn 1 0 0
vn -1 0 0
vn 0 0.7071064175499692 0.7071071448229389
vn 0 -0.7071067811865475 -0.7071067811865476
usemtl m_2ab8e999-2bb2-c5de-f933-9ce460c98f14
f 97/241/61 98/242/61 99/243/61 100/244/61
f 101/245/62 102/246/62 103/247/62 104/248/62
f 104/249/63 103/250/63 100/251/63 99/252/63
f 98/253/64 97/254/64 102/255/64 101/256/64
o cube.052
v 2.015315 0 0.075285
v 1.871809 0 -0.27117
v 1.871809 0.25 -0.27117
v 2.015315 0.25 0.075285
v 1.66886 0 0.218791
v 1.66886 0.25 0.218791
v 1.525354 0 -0.127664
v 1.525354 0.25 -0.127664
vt 0.71875 0
vt 0.8125 0
vt 0.8125 0.0625
vt 0.71875 0.0625
vt 0.625 0
vt 0.71875 0
vt 0.71875 0.0625
vt 0.625 0.0625
vt 0.90625 0
vt 1 0
vt 1 0.0625
vt 0.90625 0.0625
vt 0.8125 0
vt 0.90625 0
vt 0.90625 0.0625
vt 0.8125 0.0625
vt 0.71875 0.25
vt 0.625 0.25
vt 0.625 0.15625
vt 0.71875 0.15625
vt 0.71875 0.0625
vt 0.625 0.0625
vt 0.625 0.15625
vt 0.71875 0.15625
vn 0.9238798716882874 0 -0.3826826135183487
vn 0.3826826135183482 0 0.9238798716882874
vn -0.9238798716882876 0 0.38268261351834815
vn -0.38268261351834854 0 -0.9238798716882876
vn 0 1 0
vn 0 -1 0
usemtl m_2ab8e999-2bb2-c5de-f933-9ce460c98f14
f 105/257/65 106/258/65 107/259/65 108/260/65
f 109/261/66 105/262/66 108/263/66 110/264/66
f 111/265/67 109/266/67 110/267/67 112/268/67
f 106/269/68 111/270/68 112/271/68 107/272/68
f 112/273/69 110/274/69 108/275/69 107/276/69
f 106/277/70 105/278/70 109/279/70 111/280/70
o cube.053
v 1.933655 0.25 0.04146
v 1.837984 0.25 -0.18951
v 1.837984 2.5 -0.18951
v 1.933655 2.5 0.04146
v 1.702685 0.25 0.137131
v 1.702685 2.5 0.137131
v 1.607014 0.25 -0.093839
v 1.607014 2.5 -0.093839
vt 0.8125 0.0625
vt 0.875 0.0625
vt 0.875 0.625
vt 0.8125 0.625
vt 0.75 0.0625
vt 0.8125 0.0625
vt 0.8125 0.625
vt 0.75 0.625
vt 0.9375 0.0625
vt 1 0.0625
vt 1 0.625
vt 0.9375 0.625
vt 0.875 0.0625
vt 0.9375 0.0625
vt 0.9375 0.625
vt 0.875 0.625
vt 0.75 0.625
vt 0.6875 0.625
vt 0.6875 0.5625
vt 0.75 0.5625
vn 0.9238794002842076 0 -0.38268375158934176
vn 0.38268375158934254 0 0.9238794002842073
vn -0.9238794002842073 0 0.38268375158934254
vn -0.3826837515893422 0 -0.9238794002842073
vn 0 1 0
usemtl m_2ab8e999-2bb2-c5de-f933-9ce460c98f14
f 113/281/71 114/282/71 115/283/71 116/284/71
f 117/285/72 113/286/72 116/287/72 118/288/72
f 119/289/73 117/290/73 118/291/73 120/292/73
f 114/293/74 119/294/74 120/295/74 115/296/74
f 120/297/75 118/298/75 116/299/75 115/300/75
o cube.054
v 1.338119 1.28125 1.650619
v 1.494369 1.060279 1.494369
v 1.650619 1.28125 1.338119
v 1.494369 1.502221 1.494369
v 1.205536 1.28125 1.518037
v 1.361786 1.502221 1.361787
v 1.361786 1.060279 1.361786
v 1.518036 1.28125 1.205537
vt 0.625 0.25
vt 0.703125 0.25
vt 0.703125 0.328125
vt 0.625 0.328125
vt 0.703125 0.328125
vt 0.703125 0.375
vt 0.625 0.375
vt 0.625 0.328125
vt 0.625 0.25
vt 0.703125 0.25
vt 0.703125 0.328125
vt 0.625 0.328125
vt 0.703125 0.328125
vt 0.703125 0.375
vt 0.625 0.375
vt 0.625 0.328125
vt 0.703125 0.421875
vt 0.625 0.421875
vt 0.625 0.375
vt 0.703125 0.375
vt 0.703125 0.421875
vt 0.625 0.421875
vt 0.625 0.375
vt 0.703125 0.375
vn 0.7071067811865476 0 0.7071067811865476
vn -0.4999982624521254 0.707106571777338 0.5000020336900198
vn -0.7071079125537773 0.0000015999964925590577 -0.7071056498156975
vn 0.5000009480732537 -0.7071054404059519 -0.5000009480732537
vn 0.4999982624521255 0.707106571777338 -0.5000020336900198
vn -0.4999982624521254 -0.707106571777338 0.5000020336900198
usemtl m_2ab8e999-2bb2-c5de-f933-9ce460c98f14
f 121/301/76 122/302/76 123/303/76 124/304/76
f 125/305/77 121/306/77 124/307/77 126/308/77
f 127/309/78 125/310/78 126/311/78 128/312/78
f 122/313/79 127/314/79 128/315/79 123/316/79
f 128/317/80 126/318/80 124/319/80 123/320/80
f 122/321/81 121/322/81 125/323/81 127/324/81
o cube.055
v 1.097272 1.723191 1.847272
v 1.784772 0.75092 1.159772
v 1.847272 0.839308 1.097272
v 1.159772 1.81158 1.784772
v 1.696383 0.75092 1.071384
v 1.008883 1.723191 1.758884
v 1.071383 1.81158 1.696384
v 1.758883 0.839308 1.008884
vt 0.75 0.0625
vt 0.75 0.40625
vt 0.71875 0.40625
vt 0.71875 0.0625
vt 0.75 0.0625
vt 0.75 0.40625
vt 0.71875 0.40625
vt 0.71875 0.0625
vt 0.75 0.0625
vt 0.75 0.40625
vt 0.71875 0.40625
vt 0.71875 0.0625
vt 0.75 0.0625
vt 0.75 0.40625
vt 0.71875 0.40625
vt 0.71875 0.0625
vn 0.7071067811865476 0 0.7071067811865476
vn -0.7071067811865476 0 -0.7071067811865476
vn 0.4999972167945097 0.7071067172287127 -0.5000028736395198
vn -0.4999969596660969 -0.707107080865137 0.500002616508198
usemtl m_2ab8e999-2bb2-c5de-f933-9ce460c98f14
f 129/325/82 130/326/82 131/327/82 132/328/82
f 133/329/83 134/330/83 135/331/83 136/332/83
f 136/333/84 135/334/84 132/335/84 131/336/84
f 130/337/85 129/338/85 134/339/85 133/340/85
o cube.056
v 1.159772 0.75092 1.784772
v 1.847272 1.723192 1.097272
v 1.784772 1.81158 1.159772
v 1.097272 0.839308 1.847272
v 1.758883 1.723192 1.008884
v 1.071383 0.75092 1.696384
v 1.008883 0.839308 1.758884
v 1.696383 1.81158 1.071384
vt 0.75 0.0625
vt 0.75 0.40625
vt 0.71875 0.40625
vt 0.71875 0.0625
vt 0.75 0.0625
vt 0.75 0.40625
vt 0.71875 0.40625
vt 0.71875 0.0625
vt 0.75 0.0625
vt 0.75 0.40625
vt 0.71875 0.40625
vt 0.71875 0.0625
vt 0.75 0.0625
vt 0.75 0.40625
vt 0.71875 0.40625
vt 0.71875 0.0625
vn 0.7071067811865476 0 0.7071067811865476
vn -0.7071067811865476 0 -0.7071067811865476
vn -0.4999972167945097 0.7071067172287127 0.5000028736395198
vn 0.4999972167945098 -0.7071067172287129 -0.5000028736395192
usemtl m_2ab8e999-2bb2-c5de-f933-9ce460c98f14
f 137/341/86 138/342/86 139/343/86 140/344/86
f 141/345/87 142/346/87 143/347/87 144/348/87
f 144/349/88 143/350/88 140/351/88 139/352/88
f 138/353/89 137/354/89 142/355/89 141/356/89
o cube.057
v 1.871809 0 1.27117
v 2.015315 0 0.924715
v 2.015315 0.25 0.924716
v 1.871809 0.25 1.27117
v 1.525354 0 1.127664
v 1.525354 0.25 1.127664
v 1.66886 0 0.781209
v 1.66886 0.25 0.781209
vt 0.71875 0
vt 0.8125 0
vt 0.8125 0.0625
vt 0.71875 0.0625
vt 0.625 0
vt 0.71875 0
vt 0.71875 0.0625
vt 0.625 0.0625
vt 0.90625 0
vt 1 0
vt 1 0.0625
vt 0.90625 0.0625
vt 0.8125 0
vt 0.90625 0
vt 0.90625 0.0625
vt 0.8125 0.0625
vt 0.71875 0.25
vt 0.625 0.25
vt 0.625 0.15625
vt 0.71875 0.15625
vt 0.71875 0.0625
vt 0.625 0.0625
vt 0.625 0.15625
vt 0.71875 0.15625
vn 0.9238798716872051 -0.000001530730454070581 0.38268261351790045
vn -0.3826826135183482 0 0.9238798716882876
vn -0.9238798716882876 0 -0.3826826135183482
vn 0.3826826135183481 0 -0.9238798716882878
vn 0 1 0
vn 0 -1 0
usemtl m_2ab8e999-2bb2-c5de-f933-9ce460c98f14
f 145/357/90 146/358/90 147/359/90 148/360/90
f 149/361/91 145/362/91 148/363/91 150/364/91
f 151/365/92 149/366/92 150/367/92 152/368/92
f 146/369/93 151/370/93 152/371/93 147/372/93
f 152/373/94 150/374/94 148/375/94 147/376/94
f 146/377/95 145/378/95 149/379/95 151/380/95
o cube.058
v 1.837984 0.25 1.18951
v 1.933655 0.25 0.95854
v 1.933655 2.5 0.958541
v 1.837984 2.5 1.18951
v 1.607014 0.25 1.093839
v 1.607014 2.5 1.09384
v 1.702685 0.25 0.862869
v 1.702685 2.5 0.86287
vt 0.8125 0.0625
vt 0.875 0.0625
vt 0.875 0.625
vt 0.8125 0.625
vt 0.75 0.0625
vt 0.8125 0.0625
vt 0.8125 0.625
vt 0.75 0.625
vt 0.9375 0.0625
vt 1 0.0625
vt 1 0.625
vt 0.9375 0.625
vt 0.875 0.0625
vt 0.9375 0.0625
vt 0.9375 0.625
vt 0.875 0.625
vt 0.75 0.625
vt 0.6875 0.625
vt 0.6875 0.5625
vt 0.75 0.5625
vn 0.9238794002841942 -1.700816673803758e-7 0.3826837515893361
vn -0.3826837515893424 0 0.9238794002842073
vn -0.9238794002841939 1.700816673557042e-7 -0.382683751589337
vn 0.38268375158931 4.1061306680058944e-7 -0.9238794002841295
vn 0 1 0
usemtl m_2ab8e999-2bb2-c5de-f933-9ce460c98f14
f 153/381/96 154/382/96 155/383/96 156/384/96
f 157/385/97 153/386/97 156/387/97 158/388/97
f 159/389/98 157/390/98 158/391/98 160/392/98
f 154/393/99 159/394/99 160/395/99 155/396/99
f 160/397/100 158/398/100 156/399/100 155/400/100
o cube.059
v 0.279029 1.28125 1.90625
v 0.5 1.060279 1.90625
v 0.720971 1.28125 1.90625
v 0.5 1.502221 1.90625
v 0.279029 1.28125 1.71875
v 0.5 1.502221 1.71875
v 0.5 1.060279 1.71875
v 0.720971 1.28125 1.71875
vt 0.625 0.25
vt 0.703125 0.25
vt 0.703125 0.328125
vt 0.625 0.328125
vt 0.703125 0.328125
vt 0.703125 0.375
vt 0.625 0.375
vt 0.625 0.328125
vt 0.625 0.25
vt 0.703125 0.25
vt 0.703125 0.328125
vt 0.625 0.328125
vt 0.703125 0.328125
vt 0.703125 0.375
vt 0.625 0.375
vt 0.625 0.328125
vt 0.703125 0.421875
vt 0.625 0.421875
vt 0.625 0.375
vt 0.703125 0.375
vt 0.703125 0.421875
vt 0.625 0.421875
vt 0.625 0.375
vt 0.703125 0.375
vn 0 0 1
vn -0.7071067811865477 0.7071067811865475 0
vn 0 0 -1
vn 0.7071067811865476 -0.7071067811865476 0
vn 0.7071067811865476 0.7071067811865476 0
vn -0.7071067811865477 -0.7071067811865475 0
usemtl m_2ab8e999-2bb2-c5de-f933-9ce460c98f14
f 161/401/101 162/402/101 163/403/101 164/404/101
f 165/405/102 161/406/102 164/407/102 166/408/102
f 167/409/103 165/410/103 166/411/103 168/412/103
f 162/413/104 167/414/104 168/415/104 163/416/104
f 168/417/105 166/418/105 164/419/105 163/420/105
f 162/421/106 161/422/106 165/423/106 167/424/106
o cube.060
v -0.03033 1.723191 1.875
v 0.941942 0.75092 1.875
v 1.03033 0.839308 1.875
v 0.058058 1.81158 1.875
v 0.941942 0.75092 1.75
v -0.03033 1.723191 1.75
v 0.058058 1.81158 1.75
v 1.03033 0.839308 1.75
vt 0.75 0.0625
vt 0.75 0.40625
vt 0.71875 0.40625
vt 0.71875 0.0625
vt 0.75 0.0625
vt 0.75 0.40625
vt 0.71875 0.40625
vt 0.71875 0.0625
vt 0.75 0.0625
vt 0.75 0.40625
vt 0.71875 0.40625
vt 0.71875 0.0625
vt 0.75 0.0625
vt 0.75 0.40625
vt 0.71875 0.40625
vt 0.71875 0.0625
vn 0 0 1
vn 0 0 -1
vn 0.7071067811865475 0.7071067811865476 0
vn -0.7071064175499692 -0.7071071448229389 0
usemtl m_2ab8e999-2bb2-c5de-f933-9ce460c98f14
f 169/425/107 170/426/107 171/427/107 172/428/107
f 173/429/108 174/430/108 175/431/108 176/432/108
f 176/433/109 175/434/109 172/435/109 171/436/109
f 170/437/110 169/438/110 174/439/110 173/440/110
o cube.061
v 0.058058 0.75092 1.875
v 1.03033 1.723191 1.875
v 0.941942 1.81158 1.875
v -0.03033 0.839308 1.875
v 1.03033 1.723191 1.75
v 0.058058 0.75092 1.75
v -0.03033 0.839308 1.75
v 0.941942 1.81158 1.75
vt 0.75 0.0625
vt 0.75 0.40625
vt 0.71875 0.40625
vt 0.71875 0.0625
vt 0.75 0.0625
vt 0.75 0.40625
vt 0.71875 0.40625
vt 0.71875 0.0625
vt 0.75 0.0625
vt 0.75 0.40625
vt 0.71875 0.40625
vt 0.71875 0.0625
vt 0.75 0.0625
vt 0.75 0.40625
vt 0.71875 0.40625
vt 0.71875 0.0625
vn 0 0 1
vn 0 0 -1
vn -0.7071067811865476 0.7071067811865476 0
vn 0.7071064175499692 -0.707107144822939 0
usemtl m_2ab8e999-2bb2-c5de-f933-9ce460c98f14
f 177/441/111 178/442/111 179/443/111 180/444/111
f 181/445/112 182/446/112 183/447/112 184/448/112
f 184/449/113 183/450/113 180/451/113 179/452/113
f 178/453/114 177/454/114 182/455/114 181/456/114
o cube.062
v 0.924715 0 2.015315
v 1.27117 0 1.871809
v 1.27117 0.25 1.871809
v 0.924715 0.25 2.015315
v 0.781209 0 1.66886
v 0.781209 0.25 1.66886
v 1.127664 0 1.525354
v 1.127664 0.25 1.525354
vt 0.71875 0
vt 0.8125 0
vt 0.8125 0.0625
vt 0.71875 0.0625
vt 0.625 0
vt 0.71875 0
vt 0.71875 0.0625
vt 0.625 0.0625
vt 0.90625 0
vt 1 0
vt 1 0.0625
vt 0.90625 0.0625
vt 0.8125 0
vt 0.90625 0
vt 0.90625 0.0625
vt 0.8125 0.0625
vt 0.71875 0.25
vt 0.625 0.25
vt 0.625 0.15625
vt 0.71875 0.15625
vt 0.71875 0.0625
vt 0.625 0.0625
vt 0.625 0.15625
vt 0.71875 0.15625
vn 0.3826826135183487 0 0.9238798716882873
vn -0.9238798716882878 0 0.3826826135183481
vn -0.3826826135183482 0 -0.9238798716882876
vn 0.9238798716882876 0 -0.3826826135183482
vn 0 1 0
vn 0 -1 0
usemtl m_2ab8e999-2bb2-c5de-f933-9ce460c98f14
f 185/457/115 186/458/115 187/459/115 188/460/115
f 189/461/116 185/462/116 188/463/116 190/464/116
f 191/465/117 189/466/117 190/467/117 192/468/117
f 186/469/118 191/470/118 192/471/118 187/472/118
f 192/473/119 190/474/119 188/475/119 187/476/119
f 186/477/120 185/478/120 189/479/120 191/480/120
o cube.063
v 0.95854 0.25 1.933655
v 1.18951 0.25 1.837984
v 1.18951 2.5 1.837984
v 0.95854 2.5 1.933655
v 0.862869 0.25 1.702685
v 0.862869 2.5 1.702685
v 1.093839 0.25 1.607014
v 1.093839 2.5 1.607014
vt 0.8125 0.0625
vt 0.875 0.0625
vt 0.875 0.625
vt 0.8125 0.625
vt 0.75 0.0625
vt 0.8125 0.0625
vt 0.8125 0.625
vt 0.75 0.625
vt 0.9375 0.0625
vt 1 0.0625
vt 1 0.625
vt 0.9375 0.625
vt 0.875 0.0625
vt 0.9375 0.0625
vt 0.9375 0.625
vt 0.875 0.625
vt 0.75 0.625
vt 0.6875 0.625
vt 0.6875 0.5625
vt 0.75 0.5625
vn 0.3826837515893416 0 0.9238794002842076
vn -0.9238794002842073 0 0.38268375158934226
vn -0.38268375158934254 0 -0.9238794002842073
vn 0.9238794002842073 0 -0.3826837515893424
vn 0 1 0
usemtl m_2ab8e999-2bb2-c5de-f933-9ce460c98f14
f 193/481/121 194/482/121 195/483/121 196/484/121
f 197/485/122 193/486/122 196/487/122 198/488/122
f 199/489/123 197/490/123 198/491/123 200/492/123
f 194/493/124 199/494/124 200/495/124 195/496/124
f 200/497/125 198/498/125 196/499/125 195/500/125
o cube.064
v -0.650619 1.28125 1.338119
v -0.494369 1.060279 1.494369
v -0.338119 1.28125 1.650619
v -0.494369 1.502221 1.494369
v -0.518036 1.28125 1.205537
v -0.361786 1.502221 1.361787
v -0.361786 1.060279 1.361786
v -0.205536 1.28125 1.518037
vt 0.625 0.25
vt 0.703125 0.25
vt 0.703125 0.328125
vt 0.625 0.328125
vt 0.703125 0.328125
vt 0.703125 0.375
vt 0.625 0.375
vt 0.625 0.328125
vt 0.625 0.25
vt 0.703125 0.25
vt 0.703125 0.328125
vt 0.625 0.328125
vt 0.703125 0.328125
vt 0.703125 0.375
vt 0.625 0.375
vt 0.625 0.328125
vt 0.703125 0.421875
vt 0.625 0.421875
vt 0.625 0.375
vt 0.703125 0.375
vt 0.703125 0.421875
vt 0.625 0.421875
vt 0.625 0.375
vt 0.703125 0.375
vn -0.7071067811865476 7.105423149118096e-17 0.7071067811865475
vn -0.49999826245212586 0.707106571777338 -0.5000020336900195
vn 0.7071056498120769 0.0000016000016125560272 -0.7071079125573978
vn 0.4999993480737274 -0.707107703148322 0.499999348073727
vn 0.49999826245212564 0.707106571777338 0.5000020336900196
vn -0.4999982624521259 -0.707106571777338 -0.5000020336900195
usemtl m_2ab8e999-2bb2-c5de-f933-9ce460c98f14
f 201/501/126 202/502/126 203/503/126 204/504/126
f 205/505/127 201/506/127 204/507/127 206/508/127
f 207/509/128 205/510/128 206/511/128 208/512/128
f 202/513/129 207/514/129 208/515/129 203/516/129
f 208/517/130 206/518/130 204/519/130 203/520/130
f 202/521/131 201/522/131 205/523/131 207/524/131
o cube.065
v -0.847272 1.723192 1.097272
v -0.159772 0.75092 1.784772
v -0.097272 0.839308 1.847272
v -0.784772 1.81158 1.159772
v -0.071383 0.75092 1.696384
v -0.758883 1.723192 1.008884
v -0.696383 1.81158 1.071384
v -0.008883 0.839308 1.758884
vt 0.75 0.0625
vt 0.75 0.40625
vt 0.71875 0.40625
vt 0.71875 0.0625
vt 0.75 0.0625
vt 0.75 0.40625
vt 0.71875 0.40625
vt 0.71875 0.0625
vt 0.75 0.0625
vt 0.75 0.40625
vt 0.71875 0.40625
vt 0.71875 0.0625
vt 0.75 0.0625
vt 0.75 0.40625
vt 0.71875 0.40625
vt 0.71875 0.0625
vn -0.7071067811865476 0 0.7071067811865476
vn 0.7071067811865476 0 -0.7071067811865476
vn 0.4999972167945097 0.7071067172287127 0.5000028736395198
vn -0.4999972167945092 -0.7071067172287129 -0.5000028736395199
usemtl m_2ab8e999-2bb2-c5de-f933-9ce460c98f14
f 209/525/132 210/526/132 211/527/132 212/528/132
f 213/529/133 214/530/133 215/531/133 216/532/133
f 216/533/134 215/534/134 212/535/134 211/536/134
f 210/537/135 209/538/135 214/539/135 213/540/135
o cube.066
v -0.784772 0.75092 1.159772
v -0.097272 1.723191 1.847272
v -0.159772 1.81158 1.784772
v -0.847272 0.839308 1.097272
v -0.008883 1.723191 1.758884
v -0.696383 0.75092 1.071384
v -0.758883 0.839308 1.008884
v -0.071383 1.81158 1.696384
vt 0.75 0.0625
vt 0.75 0.40625
vt 0.71875 0.40625
vt 0.71875 0.0625
vt 0.75 0.0625
vt 0.75 0.40625
vt 0.71875 0.40625
vt 0.71875 0.0625
vt 0.75 0.0625
vt 0.75 0.40625
vt 0.71875 0.40625
vt 0.71875 0.0625
vt 0.75 0.0625
vt 0.75 0.40625
vt 0.71875 0.40625
vt 0.71875 0.0625
vn -0.7071067811865476 0 0.7071067811865476
vn 0.7071067811865476 0 -0.7071067811865476
vn -0.4999972167945097 0.7071067172287127 -0.5000028736395198
vn 0.4999969596660969 -0.707107080865137 0.500002616508198
usemtl m_2ab8e999-2bb2-c5de-f933-9ce460c98f14
f 217/541/136 218/542/136 219/543/136 220/544/136
f 221/545/137 222/546/137 223/547/137 224/548/137
f 224/549/138 223/550/138 220/551/138 219/552/138
f 218/553/139 217/554/139 222/555/139 221/556/139
o cube.067
v -0.27117 0 1.871809
v 0.075285 0 2.015315
v 0.075285 0.25 2.015315
v -0.27117 0.25 1.871809
v -0.127664 0 1.525354
v -0.127664 0.25 1.525354
v 0.218791 0 1.66886
v 0.218791 0.25 1.66886
vt 0.71875 0
vt 0.8125 0
vt 0.8125 0.0625
vt 0.71875 0.0625
vt 0.625 0
vt 0.71875 0
vt 0.71875 0.0625
vt 0.625 0.0625
vt 0.90625 0
vt 1 0
vt 1 0.0625
vt 0.90625 0.0625
vt 0.8125 0
vt 0.90625 0
vt 0.90625 0.0625
vt 0.8125 0.0625
vt 0.71875 0.25
vt 0.625 0.25
vt 0.625 0.15625
vt 0.71875 0.15625
vt 0.71875 0.0625
vt 0.625 0.0625
vt 0.625 0.15625
vt 0.71875 0.15625
vn -0.3826826135183487 0 0.9238798716882874
vn -0.9238798716882876 0 -0.38268261351834854
vn 0.38268261351834815 0 -0.9238798716882876
vn 0.9238798716882874 0 0.3826826135183482
vn 0 1 0
vn 0 -1 0
usemtl m_2ab8e999-2bb2-c5de-f933-9ce460c98f14
f 225/557/140 226/558/140 227/559/140 228/560/140
f 229/561/141 225/562/141 228/563/141 230/564/141
f 231/565/142 229/566/142 230/567/142 232/568/142
f 226/569/143 231/570/143 232/571/143 227/572/143
f 232/573/144 230/574/144 228/575/144 227/576/144
f 226/577/145 225/578/145 229/579/145 231/580/145
o cube.068
v -0.18951 0.25 1.837984
v 0.04146 0.25 1.933655
v 0.04146 2.5 1.933655
v -0.18951 2.5 1.837984
v -0.093839 0.25 1.607014
v -0.093839 2.5 1.607014
v 0.137131 0.25 1.702685
v 0.137131 2.5 1.702685
vt 0.8125 0.0625
vt 0.875 0.0625
vt 0.875 0.625
vt 0.8125 0.625
vt 0.75 0.0625
vt 0.8125 0.0625
vt 0.8125 0.625
vt 0.75 0.625
vt 0.9375 0.0625
vt 1 0.0625
vt 1 0.625
vt 0.9375 0.625
vt 0.875 0.0625
vt 0.9375 0.0625
vt 0.9375 0.625
vt 0.875 0.625
vt 0.75 0.625
vt 0.6875 0.625
vt 0.6875 0.5625
vt 0.75 0.5625
vn -0.38268375158934176 0 0.9238794002842076
vn -0.9238794002842073 0 -0.3826837515893422
vn 0.38268375158934254 0 -0.9238794002842073
vn 0.9238794002842073 0 0.38268375158934254
vn 0 1 0
usemtl m_2ab8e999-2bb2-c5de-f933-9ce460c98f14
f 233/581/146 234/582/146 235/583/146 236/584/146
f 237/585/147 233/586/147 236/587/147 238/588/147
f 239/589/148 237/590/148 238/591/148 240/592/148
f 234/593/149 239/594/149 240/595/149 235/596/149
f 240/597/150 238/598/150 236/599/150 235/600/150
o cube.069
v -0.90625 1.28125 0.279029
v -0.90625 1.060279 0.5
v -0.90625 1.28125 0.720971
v -0.90625 1.502221 0.5
v -0.71875 1.28125 0.279029
v -0.71875 1.502221 0.5
v -0.71875 1.060279 0.5
v -0.71875 1.28125 0.720971
vt 0.625 0.25
vt 0.703125 0.25
vt 0.703125 0.328125
vt 0.625 0.328125
vt 0.703125 0.328125
vt 0.703125 0.375
vt 0.625 0.375
vt 0.625 0.328125
vt 0.625 0.25
vt 0.703125 0.25
vt 0.703125 0.328125
vt 0.625 0.328125
vt 0.703125 0.328125
vt 0.703125 0.375
vt 0.625 0.375
vt 0.625 0.328125
vt 0.703125 0.421875
vt 0.625 0.421875
vt 0.625 0.375
vt 0.703125 0.375
vt 0.703125 0.421875
vt 0.625 0.421875
vt 0.625 0.375
vt 0.703125 0.375
vn -1 0 0
vn 0 0.7071067811865475 -0.7071067811865477
vn 1 0 0
vn 0 -0.7071067811865476 0.7071067811865476
vn 0 0.7071067811865476 0.7071067811865476
vn 0 -0.7071067811865475 -0.7071067811865477
usemtl m_2ab8e999-2bb2-c5de-f933-9ce460c98f14
f 241/601/151 242/602/151 243/603/151 244/604/151
f 245/605/152 241/606/152 244/607/152 246/608/152
f 247/609/153 245/610/153 246/611/153 248/612/153
f 242/613/154 247/614/154 248/615/154 243/616/154
f 248/617/155 246/618/155 244/619/155 243/620/155
f 242/621/156 241/622/156 245/623/156 247/624/156
o cube.070
v -0.875 1.723192 -0.03033
v -0.875 0.75092 0.941942
v -0.875 0.839308 1.03033
v -0.875 1.81158 0.058059
v -0.75 0.75092 0.941942
v -0.75 1.723192 -0.03033
v -0.75 1.81158 0.058059
v -0.75 0.839308 1.03033
vt 0.75 0.0625
vt 0.75 0.40625
vt 0.71875 0.40625
vt 0.71875 0.0625
vt 0.75 0.0625
vt 0.75 0.40625
vt 0.71875 0.40625
vt 0.71875 0.0625
vt 0.75 0.0625
vt 0.75 0.40625
vt 0.71875 0.40625
vt 0.71875 0.0625
vt 0.75 0.0625
vt 0.75 0.40625
vt 0.71875 0.40625
vt 0.71875 0.0625
vn -1 0 0
vn 1 0 0
vn 0 0.7071064175499692 0.7071071448229389
vn 0 -0.7071067811865475 -0.7071067811865476
usemtl m_2ab8e999-2bb2-c5de-f933-9ce460c98f14
f 249/625/157 250/626/157 251/627/157 252/628/157
f 253/629/158 254/630/158 255/631/158 256/632/158
f 256/633/159 255/634/159 252/635/159 251/636/159
f 250/637/160 249/638/160 254/639/160 253/640/160
o cube.071
v -0.875 0.75092 0.058058
v -0.875 1.723192 1.03033
v -0.875 1.81158 0.941942
v -0.875 0.839308 -0.03033
v -0.75 1.723192 1.03033
v -0.75 0.75092 0.058058
v -0.75 0.839308 -0.03033
v -0.75 1.81158 0.941942
vt 0.75 0.0625
vt 0.75 0.40625
vt 0.71875 0.40625
vt 0.71875 0.0625
vt 0.75 0.0625
vt 0.75 0.40625
vt 0.71875 0.40625
vt 0.71875 0.0625
vt 0.75 0.0625
vt 0.75 0.40625
vt 0.71875 0.40625
vt 0.71875 0.0625
vt 0.75 0.0625
vt 0.75 0.40625
vt 0.71875 0.40625
vt 0.71875 0.0625
vn -1 0 0
vn 1 0 0
vn 0 0.7071067811865476 -0.7071067811865476
vn 0 -0.7071067811865476 0.7071067811865476
usemtl m_2ab8e999-2bb2-c5de-f933-9ce460c98f14
f 257/641/161 258/642/161 259/643/161 260/644/161
f 261/645/162 262/646/162 263/647/162 264/648/162
f 264/649/163 263/650/163 260/651/163 259/652/163
f 258/653/164 257/654/164 262/655/164 261/656/164
o cube.072
v -1.015315 0 0.924715
v -0.871809 0 1.27117
v -0.871809 0.25 1.27117
v -1.015315 0.25 0.924716
v -0.66886 0 0.781209
v -0.66886 0.25 0.781209
v -0.525354 0 1.127664
v -0.525354 0.25 1.127664
vt 0.71875 0
vt 0.8125 0
vt 0.8125 0.0625
vt 0.71875 0.0625
vt 0.625 0
vt 0.71875 0
vt 0.71875 0.0625
vt 0.625 0.0625
vt 0.90625 0
vt 1 0
vt 1 0.0625
vt 0.90625 0.0625
vt 0.8125 0
vt 0.90625 0
vt 0.90625 0.0625
vt 0.8125 0.0625
vt 0.71875 0.25
vt 0.625 0.25
vt 0.625 0.15625
vt 0.71875 0.15625
vt 0.71875 0.0625
vt 0.625 0.0625
vt 0.625 0.15625
vt 0.71875 0.15625
vn -0.9238798716882876 0 0.38268261351834854
vn -0.38268261351573507 0.0000036955194868892205 -0.9238798716819788
vn 0.9238798716882876 0 -0.38268261351834854
vn 0.3826826135183482 0 0.9238798716882876
vn 0 1 0
vn 0 -1 0
usemtl m_2ab8e999-2bb2-c5de-f933-9ce460c98f14
f 265/657/165 266/658/165 267/659/165 268/660/165
f 269/661/166 265/662/166 268/663/166 270/664/166
f 271/665/167 269/666/167 270/667/167 272/668/167
f 266/669/168 271/670/168 272/671/168 267/672/168
f 272/673/169 270/674/169 268/675/169 267/676/169
f 266/677/170 265/678/170 269/679/170 271/680/170
o cube.073
v -0.933655 0.25 0.95854
v -0.837984 0.25 1.18951
v -0.837984 2.5 1.18951
v -0.933655 2.5 0.958541
v -0.702685 0.25 0.862869
v -0.702685 2.5 0.86287
v -0.607014 0.25 1.093839
v -0.607014 2.5 1.09384
vt 0.8125 0.0625
vt 0.875 0.0625
vt 0.875 0.625
vt 0.8125 0.625
vt 0.75 0.0625
vt 0.8125 0.0625
vt 0.8125 0.625
vt 0.75 0.625
vt 0.9375 0.0625
vt 1 0.0625
vt 1 0.625
vt 0.9375 0.625
vt 0.875 0.0625
vt 0.9375 0.0625
vt 0.9375 0.625
vt 0.875 0.625
vt 0.75 0.625
vt 0.6875 0.625
vt 0.6875 0.5625
vt 0.75 0.5625
vn -0.9238794002842073 0 0.3826837515893424
vn -0.38268375158930984 4.1061306680675717e-7 -0.9238794002841295
vn 0.923879400284194 1.7008166737420792e-7 -0.3826837515893366
vn 0.3826837515893104 -4.1061306676358194e-7 0.9238794002841293
vn 0 1 0
usemtl m_2ab8e999-2bb2-c5de-f933-9ce460c98f14
f 273/681/171 274/682/171 275/683/171 276/684/171
f 277/685/172 273/686/172 276/687/172 278/688/172
f 279/689/173 277/690/173 278/691/173 280/692/173
f 274/693/174 279/694/174 280/695/174 275/696/174
f 280/697/175 278/698/175 276/699/175 275/700/175
o cube.074
v -0.338119 1.28125 -0.650619
v -0.494369 1.060279 -0.494369
v -0.650619 1.28125 -0.338119
v -0.494369 1.502221 -0.494369
v -0.205536 1.28125 -0.518036
v -0.361786 1.502221 -0.361786
v -0.361786 1.060279 -0.361786
v -0.518036 1.28125 -0.205536
vt 0.625 0.25
vt 0.703125 0.25
vt 0.703125 0.328125
vt 0.625 0.328125
vt 0.703125 0.328125
vt 0.703125 0.375
vt 0.625 0.375
vt 0.625 0.328125
vt 0.625 0.25
vt 0.703125 0.25
vt 0.703125 0.328125
vt 0.625 0.328125
vt 0.703125 0.328125
vt 0.703125 0.375
vt 0.625 0.375
vt 0.625 0.328125
vt 0.703125 0.421875
vt 0.625 0.421875
vt 0.625 0.375
vt 0.703125 0.375
vt 0.703125 0.421875
vt 0.625 0.421875
vt 0.625 0.375
vt 0.703125 0.375
vn -0.7071067811865476 2.1316269447354293e-16 -0.7071067811865476
vn 0.5000001480728502 0.7071065717798521 -0.5000001480728506
vn 0.7071067811865477 0 0.7071067811865474
vn -0.5000001480728503 -0.7071065717798524 0.5000001480728503
vn -0.5000001480728503 0.7071065717798524 0.5000001480728504
vn 0.5000001480728502 -0.7071065717798521 -0.5000001480728506
usemtl m_2ab8e999-2bb2-c5de-f933-9ce460c98f14
f 281/701/176 282/702/176 283/703/176 284/704/176
f 285/705/177 281/706/177 284/707/177 286/708/177
f 287/709/178 285/710/178 286/711/178 288/712/178
f 282/713/179 287/714/179 288/715/179 283/716/179
f 288/717/180 286/718/180 284/719/180 283/720/180
f 282/721/181 281/722/181 285/723/181 287/724/181
o cube.075
v -0.097272 1.723192 -0.847272
v -0.784772 0.75092 -0.159772
v -0.847272 0.839308 -0.097272
v -0.159772 1.81158 -0.784772
v -0.696383 0.75092 -0.071383
v -0.008883 1.723192 -0.758883
v -0.071383 1.81158 -0.696383
v -0.758883 0.839308 -0.008883
vt 0.75 0.0625
vt 0.75 0.40625
vt 0.71875 0.40625
vt 0.71875 0.0625
vt 0.75 0.0625
vt 0.75 0.40625
vt 0.71875 0.40625
vt 0.71875 0.0625
vt 0.75 0.0625
vt 0.75 0.40625
vt 0.71875 0.40625
vt 0.71875 0.0625
vt 0.75 0.0625
vt 0.75 0.40625
vt 0.71875 0.40625
vt 0.71875 0.0625
vn -0.7071067811865476 0 -0.7071067811865476
vn 0.7071067811865476 0 0.7071067811865476
vn -0.5000000452210147 0.7071067172343695 0.5000000452210147
vn 0.5000000452210149 -0.7071067172343697 -0.5000000452210143
usemtl m_2ab8e999-2bb2-c5de-f933-9ce460c98f14
f 289/725/182 290/726/182 291/727/182 292/728/182
f 293/729/183 294/730/183 295/731/183 296/732/183
f 296/733/184 295/734/184 292/735/184 291/736/184
f 290/737/185 289/738/185 294/739/185 293/740/185
o cube.076
v -0.159772 0.75092 -0.784772
v -0.847272 1.723192 -0.097272
v -0.784772 1.81158 -0.159772
v -0.097272 0.839308 -0.847272
v -0.758883 1.723192 -0.008883
v -0.071383 0.75092 -0.696383
v -0.008883 0.839308 -0.758883
v -0.696383 1.81158 -0.071383
vt 0.75 0.0625
vt 0.75 0.40625
vt 0.71875 0.40625
vt 0.71875 0.0625
vt 0.75 0.0625
vt 0.75 0.40625
vt 0.71875 0.40625
vt 0.71875 0.0625
vt 0.75 0.0625
vt 0.75 0.40625
vt 0.71875 0.40625
vt 0.71875 0.0625
vt 0.75 0.0625
vt 0.75 0.40625
vt 0.71875 0.40625
vt 0.71875 0.0625
vn -0.7071067811865476 0 -0.7071067811865476
vn 0.7071067811865476 0 0.7071067811865476
vn 0.5000000452210147 0.7071067172343695 -0.5000000452210147
vn -0.5000000452210149 -0.7071067172343697 0.5000000452210143
usemtl m_2ab8e999-2bb2-c5de-f933-9ce460c98f14
f 297/741/186 298/742/186 299/743/186 300/744/186
f 301/745/187 302/746/187 303/747/187 304/748/187
f 304/749/188 303/750/188 300/751/188 299/752/188
f 298/753/189 297/754/189 302/755/189 301/756/189
o cube.077
v -0.871809 0 -0.27117
v -1.015315 0 0.075285
v -1.015315 0.25 0.075285
v -0.871809 0.25 -0.27117
v -0.525354 0 -0.127664
v -0.525354 0.25 -0.127664
v -0.66886 0 0.218791
v -0.66886 0.25 0.218791
vt 0.71875 0
vt 0.8125 0
vt 0.8125 0.0625
vt 0.71875 0.0625
vt 0.625 0
vt 0.71875 0
vt 0.71875 0.0625
vt 0.625 0.0625
vt 0.90625 0
vt 1 0
vt 1 0.0625
vt 0.90625 0.0625
vt 0.8125 0
vt 0.90625 0
vt 0.90625 0.0625
vt 0.8125 0.0625
vt 0.71875 0.25
vt 0.625 0.25
vt 0.625 0.15625
vt 0.71875 0.15625
vt 0.71875 0.0625
vt 0.625 0.0625
vt 0.625 0.15625
vt 0.71875 0.15625
vn -0.9238798716882876 0 -0.3826826135183485
vn 0.38268261351834854 0 -0.9238798716882876
vn 0.9238798716882876 0 0.3826826135183485
vn -0.38268261351834854 0 0.9238798716882876
vn 0 1 0
vn 0 -1 0
usemtl m_2ab8e999-2bb2-c5de-f933-9ce460c98f14
f 305/757/190 306/758/190 307/759/190 308/760/190
f 309/761/191 305/762/191 308/763/191 310/764/191
f 311/765/192 309/766/192 310/767/192 312/768/192
f 306/769/193 311/770/193 312/771/193 307/772/193
f 312/773/194 310/774/194 308/775/194 307/776/194
f 306/777/195 305/778/195 309/779/195 311/780/195
o cube.078
v -0.837984 0.25 -0.18951
v -0.933655 0.25 0.04146
v -0.933655 2.5 0.04146
v -0.837984 2.5 -0.18951
v -0.607014 0.25 -0.093839
v -0.607014 2.5 -0.093839
v -0.702685 0.25 0.137131
v -0.702685 2.5 0.137131
vt 0.8125 0.0625
vt 0.875 0.0625
vt 0.875 0.625
vt 0.8125 0.625
vt 0.75 0.0625
vt 0.8125 0.0625
vt 0.8125 0.625
vt 0.75 0.625
vt 0.9375 0.0625
vt 1 0.0625
vt 1 0.625
vt 0.9375 0.625
vt 0.875 0.0625
vt 0.9375 0.0625
vt 0.9375 0.625
vt 0.875 0.625
vt 0.75 0.625
vt 0.6875 0.625
vt 0.6875 0.5625
vt 0.75 0.5625
vn -0.9238794002842073 0 -0.38268375158934254
vn 0.38268375158934254 0 -0.9238794002842073
vn 0.9238794002842076 0 0.3826837515893422
vn -0.38268375158934237 0 0.9238794002842073
vn 0 1 0
usemtl m_2ab8e999-2bb2-c5de-f933-9ce460c98f14
f 313/781/196 314/782/196 315/783/196 316/784/196
f 317/785/197 313/786/197 316/787/197 318/788/197
f 319/789/198 317/790/198 318/791/198 320/792/198
f 314/793/199 319/794/199 320/795/199 315/796/199
f 320/797/200 318/798/200 316/799/200 315/800/200
o 球体
v 0.5 3.02619 -0.770334
v 0.5 3.472272 -0.472272
v 0.872072 3.472272 -0.398262
v 0.986136 3.02619 -0.673636
v 0.5 3.770334 -0.02619
v 0.5 3.875 0.5
v 0.701364 3.770334 0.013864
v 0.5 1.125 0.5
v 0.5 1.229666 -0.02619
v 0.701364 1.229666 0.013864
v 0.500001 1.527728 -0.472272
v 0.5 1.97381 -0.770334
v 0.986136 1.97381 -0.673636
v 0.872072 1.527728 -0.398262
v 0.500001 2.5 -0.875
v 1.02619 2.5 -0.770334
v 1.398262 1.97381 -0.398262
v 1.1875 1.527728 -0.1875
v 1.398262 3.02619 -0.398262
v 1.472272 2.5 -0.472272
v 0.872072 3.770334 0.127928
v 1.1875 3.472272 -0.1875
v 0.872072 1.229666 0.127928
v 1.398262 1.527728 0.127928
v 0.986136 1.229666 0.298636
v 1.770334 2.5 -0.02619
v 1.673636 1.97381 0.013864
v 1.398262 3.472272 0.127928
v 1.673636 3.02619 0.013864
v 0.986136 3.770334 0.298636
v 1.875 2.5 0.5
v 1.770334 1.97381 0.5
v 1.472272 3.472272 0.5
v 1.770334 3.02619 0.5
v 1.02619 3.770334 0.5
v 1.02619 1.229666 0.5
v 1.472272 1.527728 0.5
v 0.986136 1.229666 0.701364
v 1.673635 1.97381 0.986136
v 1.398262 1.527728 0.872072
v 1.673635 3.02619 0.986136
v 1.770334 2.5 1.02619
v 0.986136 3.770334 0.701364
v 1.398262 3.472272 0.872072
v 1.398262 3.02619 1.398262
v 1.472271 2.5 1.472272
v 0.872072 3.770334 0.872072
v 1.1875 3.472272 1.1875
v 1.1875 1.527728 1.1875
v 0.872072 1.229666 0.872072
v 1.398262 1.97381 1.398262
v 0.872072 1.527728 1.398262
v 0.701364 1.229666 0.986136
v 1.026189 2.5 1.770334
v 0.986135 1.97381 1.673635
v 0.872072 3.472272 1.398262
v 0.986135 3.02619 1.673635
v 0.701364 3.770334 0.986136
v 0.5 3.472272 1.472271
v 0.5 3.02619 1.770334
v 0.5 3.770334 1.026189
v 0.5 1.229666 1.026189
v 0.5 1.97381 1.770334
v 0.5 1.527728 1.472271
v 0.5 2.5 1.874999
v 0.298636 1.229666 0.986135
v 0.013864 1.97381 1.673635
v 0.127928 1.527728 1.398261
v 0.013864 3.02619 1.673635
v -0.02619 2.5 1.770334
v 0.298636 3.770334 0.986135
v 0.127928 3.472272 1.398261
v 0.127928 3.770334 0.872072
v -0.1875 3.472272 1.187499
v -0.1875 1.527728 1.187499
v 0.127928 1.229666 0.872072
v -0.472272 2.5 1.472271
v -0.398262 1.97381 1.398261
v -0.398262 3.02619 1.398261
v -0.398262 1.527728 0.872072
v 0.013864 1.229666 0.701364
v -0.770334 2.5 1.026189
v -0.673636 1.97381 0.986135
v -0.398262 3.472272 0.872072
v -0.673636 3.02619 0.986135
v 0.013864 3.770334 0.701364
v -0.02619 3.770334 0.5
v -0.02619 1.229666 0.5
v -0.770334 1.97381 0.499999
v -0.472271 1.527728 0.499999
v -0.770334 3.02619 0.499999
v -0.875 2.5 0.499999
v -0.472271 3.472272 0.499999
v -0.673635 1.97381 0.013863
v -0.398261 1.527728 0.127927
v -0.673635 3.02619 0.013863
v -0.770334 2.5 -0.02619
v 0.013864 3.770334 0.298636
v -0.398261 3.472272 0.127927
v 0.013864 1.229666 0.298636
v -0.187499 1.527728 -0.1875
v 0.127928 1.229666 0.127927
v -0.472271 2.5 -0.472272
v -0.398261 1.97381 -0.398263
v -0.187499 3.472272 -0.1875
v -0.398261 3.02619 -0.398263
v 0.127928 3.770334 0.127927
v -0.026189 2.5 -0.770334
v 0.013865 1.97381 -0.673636
v 0.127928 3.472272 -0.398262
v 0.013865 3.02619 -0.673636
v 0.298636 3.770334 0.013864
v 0.298636 1.229666 0.013864
v 0.127928 1.527728 -0.398262
vt 0.28125 0.640625
vt 0.265625 0.78125
vt 0.15625 0.78125
vt 0.140625 0.640625
vt 0.234375 0.921875
vt 0.210938 0.992188
vt 0.1875 0.921875
vt 0.210938 0.007812000000000041
vt 0.234375 0.078125
vt 0.1875 0.078125
vt 0.265625 0.21875
vt 0.28125 0.359375
vt 0.140625 0.359375
vt 0.15625 0.21875
vt 0.28125 0.5
vt 0.28125 0.640625
vt 0.140625 0.640625
vt 0.140625 0.5
vt 0.265625 0.78125
vt 0.234375 0.921875
vt 0.1875 0.921875
vt 0.15625 0.78125
vt 0.234375 0.078125
vt 0.265625 0.21875
vt 0.15625 0.21875
vt 0.1875 0.078125
vt 0.28125 0.359375
vt 0.28125 0.5
vt 0.140625 0.5
vt 0.140625 0.359375
vt 0.125 0.21875
vt 0.140625 0.359375
vt 0 0.359375
vt 0.015625 0.21875
vt 0.140625 0.5
vt 0.140625 0.640625
vt 0 0.640625
vt 0 0.5
vt 0.125 0.78125
vt 0.09375 0.921875
vt 0.046875 0.921875
vt 0.015625 0.78125
vt 0.09375 0.078125
vt 0.125 0.21875
vt 0.015625 0.21875
vt 0.046875 0.078125
vt 0.140625 0.359375
vt 0.140625 0.5
vt 0 0.5
vt 0 0.359375
vt 0.140625 0.640625
vt 0.125 0.78125
vt 0.015625 0.78125
vt 0 0.640625
vt 0.09375 0.921875
vt 0.070312 0.992188
vt 0.046875 0.921875
vt 0.070312 0.007812000000000041
vt 0.09375 0.078125
vt 0.046875 0.078125
vt 0.515625 0.078125
vt 0.546875 0.21875
vt 0.4375 0.21875
vt 0.46875 0.078125
vt 0.5625 0.359375
vt 0.5625 0.5
vt 0.421875 0.5
vt 0.421875 0.359375
vt 0.5625 0.640625
vt 0.546875 0.78125
vt 0.4375 0.78125
vt 0.421875 0.640625
vt 0.515625 0.921875
vt 0.492188 0.992188
vt 0.46875 0.921875
vt 0.492188 0.007812000000000041
vt 0.515625 0.078125
vt 0.46875 0.078125
vt 0.546875 0.21875
vt 0.5625 0.359375
vt 0.421875 0.359375
vt 0.4375 0.21875
vt 0.5625 0.5
vt 0.5625 0.640625
vt 0.421875 0.640625
vt 0.421875 0.5
vt 0.546875 0.78125
vt 0.515625 0.921875
vt 0.46875 0.921875
vt 0.4375 0.78125
vt 0.421875 0.359375
vt 0.421875 0.5
vt 0.28125 0.5
vt 0.28125 0.359375
vt 0.421875 0.640625
vt 0.40625 0.78125
vt 0.296875 0.78125
vt 0.28125 0.640625
vt 0.375 0.921875
vt 0.351562 0.992188
vt 0.328125 0.921875
vt 0.351562 0.007812000000000041
vt 0.375 0.078125
vt 0.328125 0.078125
vt 0.40625 0.21875
vt 0.421875 0.359375
vt 0.28125 0.359375
vt 0.296875 0.21875
vt 0.421875 0.5
vt 0.421875 0.640625
vt 0.28125 0.640625
vt 0.28125 0.5
vt 0.40625 0.78125
vt 0.375 0.921875
vt 0.328125 0.921875
vt 0.296875 0.78125
vt 0.375 0.078125
vt 0.40625 0.21875
vt 0.296875 0.21875
vt 0.328125 0.078125
vt 0.210938 0.007812000000000041
vt 0.234375 0.078125
vt 0.1875 0.078125
vt 0.265625 0.21875
vt 0.28125 0.359375
vt 0.140625 0.359375
vt 0.15625 0.21875
vt 0.28125 0.5
vt 0.28125 0.640625
vt 0.140625 0.640625
vt 0.140625 0.5
vt 0.265625 0.78125
vt 0.234375 0.921875
vt 0.1875 0.921875
vt 0.15625 0.78125
vt 0.234375 0.078125
vt 0.265625 0.21875
vt 0.15625 0.21875
vt 0.1875 0.078125
vt 0.28125 0.359375
vt 0.28125 0.5
vt 0.140625 0.5
vt 0.140625 0.359375
vt 0.28125 0.640625
vt 0.265625 0.78125
vt 0.15625 0.78125
vt 0.140625 0.640625
vt 0.234375 0.921875
vt 0.210938 0.992188
vt 0.1875 0.921875
vt 0.140625 0.5
vt 0.140625 0.640625
vt 0 0.640625
vt 0 0.5
vt 0.125 0.78125
vt 0.09375 0.921875
vt 0.046875 0.921875
vt 0.015625 0.78125
vt 0.09375 0.078125
vt 0.125 0.21875
vt 0.015625 0.21875
vt 0.046875 0.078125
vt 0.140625 0.359375
vt 0.140625 0.5
vt 0 0.5
vt 0 0.359375
vt 0.140625 0.640625
vt 0.125 0.78125
vt 0.015625 0.78125
vt 0 0.640625
vt 0.09375 0.921875
vt 0.070312 0.992188
vt 0.046875 0.921875
vt 0.070312 0.007812000000000041
vt 0.09375 0.078125
vt 0.046875 0.078125
vt 0.125 0.21875
vt 0.140625 0.359375
vt 0 0.359375
vt 0.015625 0.21875
vt 0.515625 0.078125
vt 0.546875 0.21875
vt 0.4375 0.21875
vt 0.46875 0.078125
vt 0.5625 0.359375
vt 0.5625 0.5
vt 0.421875 0.5
vt 0.421875 0.359375
vt 0.5625 0.640625
vt 0.546875 0.78125
vt 0.4375 0.78125
vt 0.421875 0.640625
vt 0.515625 0.921875
vt 0.492188 0.992188
vt 0.46875 0.921875
vt 0.492188 0.007812000000000041
vt 0.515625 0.078125
vt 0.46875 0.078125
vt 0.546875 0.21875
vt 0.5625 0.359375
vt 0.421875 0.359375
vt 0.4375 0.21875
vt 0.5625 0.5
vt 0.5625 0.640625
vt 0.421875 0.640625
vt 0.421875 0.5
vt 0.546875 0.78125
vt 0.515625 0.921875
vt 0.46875 0.921875
vt 0.4375 0.78125
vt 0.421875 0.640625
vt 0.40625 0.78125
vt 0.296875 0.78125
vt 0.28125 0.640625
vt 0.375 0.921875
vt 0.351562 0.992188
vt 0.328125 0.921875
vt 0.351562 0.007812000000000041
vt 0.375 0.078125
vt 0.328125 0.078125
vt 0.40625 0.21875
vt 0.421875 0.359375
vt 0.28125 0.359375
vt 0.296875 0.21875
vt 0.421875 0.5
vt 0.421875 0.640625
vt 0.28125 0.640625
vt 0.28125 0.5
vt 0.40625 0.78125
vt 0.375 0.921875
vt 0.328125 0.921875
vt 0.296875 0.78125
vt 0.375 0.078125
vt 0.40625 0.21875
vt 0.296875 0.21875
vt 0.328125 0.078125
vt 0.421875 0.359375
vt 0.421875 0.5
vt 0.28125 0.5
vt 0.28125 0.359375
vt 0.210938 0.007812000000000041
vt 0.234375 0.078125
vt 0.1875 0.078125
vt 0.265625 0.21875
vt 0.28125 0.359375
vt 0.140625 0.359375
vt 0.15625 0.21875
vt 0.28125 0.5
vt 0.28125 0.640625
vt 0.140625 0.640625
vt 0.140625 0.5
vt 0.265625 0.78125
vt 0.234375 0.921875
vt 0.1875 0.921875
vt 0.15625 0.78125
vt 0.234375 0.078125
vt 0.265625 0.21875
vt 0.15625 0.21875
vt 0.1875 0.078125
vt 0.28125 0.359375
vt 0.28125 0.5
vt 0.140625 0.5
vt 0.140625 0.359375
vt 0.28125 0.640625
vt 0.265625 0.78125
vt 0.15625 0.78125
vt 0.140625 0.640625
vt 0.234375 0.921875
vt 0.210938 0.992188
vt 0.1875 0.921875
vt 0.125 0.78125
vt 0.09375 0.921875
vt 0.046875 0.921875
vt 0.015625 0.78125
vt 0.09375 0.078125
vt 0.125 0.21875
vt 0.015625 0.21875
vt 0.046875 0.078125
vt 0.140625 0.359375
vt 0.140625 0.5
vt 0 0.5
vt 0 0.359375
vt 0.140625 0.640625
vt 0.125 0.78125
vt 0.015625 0.78125
vt 0 0.640625
vt 0.09375 0.921875
vt 0.070312 0.992188
vt 0.046875 0.921875
vt 0.070312 0.007812000000000041
vt 0.09375 0.078125
vt 0.046875 0.078125
vt 0.125 0.21875
vt 0.140625 0.359375
vt 0 0.359375
vt 0.015625 0.21875
vt 0.140625 0.5
vt 0.140625 0.640625
vt 0 0.640625
vt 0 0.5
vt 0.515625 0.078125
vt 0.546875 0.21875
vt 0.4375 0.21875
vt 0.46875 0.078125
vt 0.5625 0.359375
vt 0.5625 0.5
vt 0.421875 0.5
vt 0.421875 0.359375
vt 0.5625 0.640625
vt 0.546875 0.78125
vt 0.4375 0.78125
vt 0.421875 0.640625
vt 0.515625 0.921875
vt 0.492188 0.992188
vt 0.46875 0.921875
vt 0.492188 0.007812000000000041
vt 0.515625 0.078125
vt 0.46875 0.078125
vt 0.546875 0.21875
vt 0.5625 0.359375
vt 0.421875 0.359375
vt 0.4375 0.21875
vt 0.5625 0.5
vt 0.5625 0.640625
vt 0.421875 0.640625
vt 0.421875 0.5
vt 0.546875 0.78125
vt 0.515625 0.921875
vt 0.46875 0.921875
vt 0.4375 0.78125
vt 0.375 0.921875
vt 0.351562 0.992188
vt 0.328125 0.921875
vt 0.351562 0.007812000000000041
vt 0.375 0.078125
vt 0.328125 0.078125
vt 0.40625 0.21875
vt 0.421875 0.359375
vt 0.28125 0.359375
vt 0.296875 0.21875
vt 0.421875 0.5
vt 0.421875 0.640625
vt 0.28125 0.640625
vt 0.28125 0.5
vt 0.40625 0.78125
vt 0.375 0.921875
vt 0.328125 0.921875
vt 0.296875 0.78125
vt 0.375 0.078125
vt 0.40625 0.21875
vt 0.296875 0.21875
vt 0.328125 0.078125
vt 0.421875 0.359375
vt 0.421875 0.5
vt 0.28125 0.5
vt 0.28125 0.359375
vt 0.421875 0.640625
vt 0.40625 0.78125
vt 0.296875 0.78125
vt 0.28125 0.640625
vt 0.265625 0.21875
vt 0.28125 0.359375
vt 0.140625 0.359375
vt 0.15625 0.21875
vt 0.28125 0.5
vt 0.28125 0.640625
vt 0.140625 0.640625
vt 0.140625 0.5
vt 0.265625 0.78125
vt 0.234375 0.921875
vt 0.1875 0.921875
vt 0.15625 0.78125
vt 0.234375 0.078125
vt 0.265625 0.21875
vt 0.15625 0.21875
vt 0.1875 0.078125
vt 0.28125 0.359375
vt 0.28125 0.5
vt 0.140625 0.5
vt 0.140625 0.359375
vt 0.28125 0.640625
vt 0.265625 0.78125
vt 0.15625 0.78125
vt 0.140625 0.640625
vt 0.234375 0.921875
vt 0.210938 0.992188
vt 0.1875 0.921875
vt 0.210938 0.007812000000000041
vt 0.234375 0.078125
vt 0.1875 0.078125
vt 0.09375 0.078125
vt 0.125 0.21875
vt 0.015625 0.21875
vt 0.046875 0.078125
vt 0.140625 0.359375
vt 0.140625 0.5
vt 0 0.5
vt 0 0.359375
vt 0.140625 0.640625
vt 0.125 0.78125
vt 0.015625 0.78125
vt 0 0.640625
vt 0.09375 0.921875
vt 0.070312 0.992188
vt 0.046875 0.921875
vt 0.070312 0.007812000000000041
vt 0.09375 0.078125
vt 0.046875 0.078125
vt 0.125 0.21875
vt 0.140625 0.359375
vt 0 0.359375
vt 0.015625 0.21875
vt 0.140625 0.5
vt 0.140625 0.640625
vt 0 0.640625
vt 0 0.5
vt 0.125 0.78125
vt 0.09375 0.921875
vt 0.046875 0.921875
vt 0.015625 0.78125
vt 0.5625 0.359375
vt 0.5625 0.5
vt 0.421875 0.5
vt 0.421875 0.359375
vt 0.5625 0.640625
vt 0.546875 0.78125
vt 0.4375 0.78125
vt 0.421875 0.640625
vt 0.515625 0.921875
vt 0.492188 0.992188
vt 0.46875 0.921875
vt 0.492188 0.007812000000000041
vt 0.515625 0.078125
vt 0.46875 0.078125
vt 0.546875 0.21875
vt 0.5625 0.359375
vt 0.421875 0.359375
vt 0.4375 0.21875
vt 0.5625 0.5
vt 0.5625 0.640625
vt 0.421875 0.640625
vt 0.421875 0.5
vt 0.546875 0.78125
vt 0.515625 0.921875
vt 0.46875 0.921875
vt 0.4375 0.78125
vt 0.515625 0.078125
vt 0.546875 0.21875
vt 0.4375 0.21875
vt 0.46875 0.078125
vt 0.351562 0.007812000000000041
vt 0.375 0.078125
vt 0.328125 0.078125
vt 0.40625 0.21875
vt 0.421875 0.359375
vt 0.28125 0.359375
vt 0.296875 0.21875
vt 0.421875 0.5
vt 0.421875 0.640625
vt 0.28125 0.640625
vt 0.28125 0.5
vt 0.40625 0.78125
vt 0.375 0.921875
vt 0.328125 0.921875
vt 0.296875 0.78125
vt 0.375 0.078125
vt 0.40625 0.21875
vt 0.296875 0.21875
vt 0.328125 0.078125
vt 0.421875 0.359375
vt 0.421875 0.5
vt 0.28125 0.5
vt 0.28125 0.359375
vt 0.421875 0.640625
vt 0.40625 0.78125
vt 0.296875 0.78125
vt 0.28125 0.640625
vt 0.375 0.921875
vt 0.351562 0.992188
vt 0.328125 0.921875
vn 0.16317362375281244 0.5481235413517653 -0.8203261253473372
vn 0.03877700225995751 0.9800475137973371 -0.19494413249797984
vn 0.038777002259957526 -0.9800475137973371 -0.19494413249797984
vn 0.16317230075698028 -0.5481234100297168 -0.8203264762538565
vn 0.19147953789561797 0.1914813692929879 -0.9626372482825308
vn 0.10984156559628962 0.8264388763486953 -0.552207944643014
vn 0.10984166179814306 -0.8264389812554293 -0.5522077685028626
vn 0.19148130214817488 -0.19148130214817488 -0.9626369107068766
vn 0.4646773172356065 -0.5481246890845264 -0.6954382187245038
vn 0.5452905502388824 0.19147986983048934 -0.8160843554865367
vn 0.31280191762485327 0.8264387319805597 -0.4681388497151026
vn 0.3128004759518883 -0.8264388791062501 -0.4681395532807253
vn 0.5452896717831272 -0.19147990913370289 -0.8160849332298683
vn 0.4646766631600132 0.5481247580652473 -0.6954386013951124
vn 0.11042745647979782 0.9800474852055447 -0.16526555478287036
vn 0.11042745647979783 -0.9800474852055447 -0.16526555478287033
vn 0.4681391296654747 -0.8264392261968183 -0.3128001929015646
vn 0.8160847784683384 -0.19148086320506116 -0.5452895683749398
vn 0.695438921788988 0.5481241700740426 -0.4646768772401013
vn 0.16526555478287033 0.9800474852055447 -0.11042745647979785
vn 0.16526555478287033 -0.9800474852055447 -0.11042745647979786
vn 0.6954384639433867 -0.5481242390552207 -0.4646774810857509
vn 0.8160841879740915 0.1914809025092212 -0.5452904383105592
vn 0.46813806697728605 0.8264393733206095 -0.31280139461359263
vn 0.9626372947682756 -0.1914796588493775 -0.19148101464151027
vn 0.8203254428587626 0.5481246031820737 -0.16317348799688533
vn 0.19494413249797987 0.9800475137973371 -0.03877700225995744
vn 0.19494413249797987 -0.9800475137973371 -0.03877700225995747
vn 0.8203257894260785 -0.5481244786110594 -0.16317216413909497
vn 0.9626375858572572 0.19147960504308503 -0.1914796050430851
vn 0.5522078512276056 0.8264389412364386 -0.10984154701471198
vn 0.5522079040330558 -0.8264389263511551 -0.10984139354073008
vn 0.19494413249797987 -0.9800475137973371 0.03877700225995747
vn 0.8203260859072261 -0.5481235149987662 0.16317391055413086
vn 0.9626369503594793 0.19148094613414388 0.19148145881566347
vn 0.552207944643014 0.8264388763486954 0.10984156559628962
vn 0.5522079545891375 -0.8264388912341446 0.10984140359699777
vn 0.9626370448604785 -0.19148096493161557 0.19148096493161557
vn 0.8203261253473372 0.5481235413517656 0.16317362375281272
vn 0.19494413249797987 0.9800475137973371 0.03877700225995744
vn 0.8160850178717557 0.19148142544663968 0.5452890126475862
vn 0.4681388497151025 0.8264387319805595 0.3128019176248536
vn 0.4681395532807255 -0.82643887910625 0.31280047595188826
vn 0.8160838550032666 -0.19148134633591815 0.5452907807843369
vn 0.6954391956629757 0.548123667456055 0.46467706023663086
vn 0.16526555478287036 0.9800474852055447 0.11042745647979788
vn 0.1652655547828703 -0.9800474852055447 0.11042745647979789
vn 0.6954395227720517 -0.5481237264204596 0.46467650112904385
vn 0.3128001929015646 -0.8264392261968185 0.46813912966547483
vn 0.5452896765771467 -0.19147986490268806 0.8160849404046365
vn 0.4646768772401011 0.5481241700740423 0.695438921788988
vn 0.11042745647979786 0.9800474852055447 0.16526555478287033
vn 0.11042745647979789 -0.9800474852055447 0.1652655547828703
vn 0.46467561270043556 -0.5481240256166011 0.6954398805815831
vn 0.545288273934031 0.1914798015326967 0.8160858924862286
vn 0.31280139461359274 0.8264393733206096 0.46813806697728605
vn 0.16317158955936628 0.5481228636356259 0.8203269828065826
vn 0.038776106378390934 0.9800474770055507 0.19494449566270466
vn 0.03877610637839095 -0.9800474770055507 0.19494449566270466
vn 0.16317428429348224 -0.5481231171992295 0.8203262773659697
vn 0.1914818183622349 0.1914814544598073 0.962636777728053
vn 0.1098389803360932 0.8264386922940703 0.5522087343369302
vn 0.10984000446451596 -0.8264387916250964 0.5522083819686965
vn 0.19147953983954177 -0.1914813674865751 0.9626372482551819
vn -0.038777073042585215 -0.9800474402141893 0.19494448834441286
vn -0.16317374607869323 -0.5481248014594422 0.8203252590379584
vn -0.1914815258921619 0.1914791837623784 0.962637287573935
vn -0.10984156559628985 0.8264388763486953 0.552207944643014
vn -0.10984140359699777 -0.8264388912341447 0.5522079545891375
vn -0.19147926963545842 -0.19147926963545847 0.9626377192899429
vn -0.16317345927764848 0.5481248278124501 0.82032529847795
vn -0.03877707304258517 0.9800474402141893 0.19494448834441286
vn -0.31279984962737956 0.8264389430232599 0.4681398589392768
vn -0.31280047595188826 -0.8264388791062502 0.46813955328072543
vn -0.5452907807843369 -0.19148134633591818 0.8160838550032664
vn -0.464676663160013 0.5481247580652472 0.6954386013951124
vn -0.11042687261996868 0.9800474540151648 0.16526612986866565
vn -0.11042687261996868 -0.9800474540151648 0.16526612986866565
vn -0.4646773172356065 -0.5481246890845264 0.6954382187245038
vn -0.5452903883022426 0.19148136389660136 0.8160841131314142
vn -0.46813898445077246 -0.8264389698389996 0.3128010875442293
vn -0.8160847784683383 -0.19148086320506108 0.5452895683749396
vn -0.6954381804100014 0.5481242817735091 0.4646778550332491
vn -0.16526555478287036 0.9800474852055447 0.11042745647979782
vn -0.16526555478287033 -0.9800474852055447 0.11042745647979783
vn -0.6954384639433866 -0.5481242390552207 0.4646774810857508
vn -0.8160841879740915 0.19148090250922112 0.5452904383105592
vn -0.4681384729971823 0.8264390406464219 0.31280166590874836
vn -0.19494413249797984 0.9800475137973371 0.03877700225995751
vn -0.19494413249797984 -0.9800475137973371 0.038777002259957526
vn -0.8203259538999528 -0.54812422271936 0.16317219685482576
vn -0.9626375858572574 0.1914796050430847 0.19147960504308476
vn -0.5522078512276054 0.8264389412364386 0.1098415470147122
vn -0.5522084770347783 -0.8264387648265085 0.10983972816320164
vn -0.9626372947682756 -0.19147965884937715 0.1914810146415105
vn -0.8203262650585872 0.5481241108757733 0.16317100824494385
vn -0.8203252590379584 -0.5481248014594422 -0.163173746078693
vn -0.9626369503594793 0.19148094613414407 -0.19148145881566328
vn -0.5522086219558389 0.8264384058765717 -0.10984170032289385
vn -0.5522086319022501 -0.8264384207618748 -0.10984153832345775
vn -0.9626369777836704 -0.1914809515891706 -0.19148131549064248
vn -0.8203252984779499 0.5481248278124501 -0.1631734592776482
vn -0.19494413249797984 0.9800475137973371 -0.03877700225995751
vn -0.19494413249797984 -0.9800475137973371 -0.038777002259957526
vn -0.4681393899603611 -0.8264386375827253 -0.31280135849760987
vn -0.8160840169401501 -0.19148034803151678 -0.5452908889872982
vn -0.6954379817452101 0.5481246463661967 -0.4646777222894171
vn -0.16526576815869942 0.9800475060463766 -0.11042695217741239
vn -0.16526576815869942 -0.9800475060463766 -0.11042695217741241
vn -0.6954382187245038 -0.5481246890845264 -0.4646773172356065
vn -0.8160842750682474 0.19148036559292556 -0.5452904965050581
vn -0.46813972568857326 0.8264387077867841 -0.31280067056184163
vn -0.5452897303110443 -0.1914793691374338 -0.8160850208232222
vn -0.4646774579560867 0.5481253723800594 -0.6954375861432069
vn -0.11042670173673676 0.9800475163959936 -0.1652658741228519
vn -0.11042670173673674 -0.9800475163959936 -0.16526587412285187
vn -0.4646759639930597 -0.5481252017169367 -0.6954387188889386
vn -0.5452892379341822 0.19147934689087928 -0.8160853550379403
vn -0.3128003481374011 0.8264383317230629 -0.46814060501511856
vn -0.312801493564459 -0.8264384719569976 -0.46813959210178596
vn -0.038777002259957526 -0.9800475137973371 -0.19494413249797984
vn -0.16317251589384907 -0.5481242527395587 -0.8203258703805288
vn -0.19147998338384478 0.19147961948490447 -0.9626375077282409
vn -0.1098415470147122 0.8264389412364386 -0.5522078512276054
vn -0.10984111723620835 -0.8264388995526092 -0.5522079991004964
vn -0.1914810146415105 -0.19147965884937715 -0.9626372947682756
vn -0.16317352071315452 0.5481243472883481 -0.8203256073339391
vn -0.03877700225995751 0.9800475137973371 -0.19494413249797984
usemtl m_2ab8e999-2bb2-c5de-f933-9ce460c98f14
f 321/801/201 322/802/201 323/803/201 324/804/201
f 325/805/202 326/806/202 327/807/202
f 328/808/203 329/809/203 330/810/203
f 331/811/204 332/812/204 333/813/204 334/814/204
f 335/815/205 321/816/205 324/817/205 336/818/205
f 322/819/206 325/820/206 327/821/206 323/822/206
f 329/823/207 331/824/207 334/825/207 330/826/207
f 332/827/208 335/828/208 336/829/208 333/830/208
f 334/831/209 333/832/209 337/833/209 338/834/209
f 336/835/210 324/836/210 339/837/210 340/838/210
f 323/839/211 327/840/211 341/841/211 342/842/211
f 330/843/212 334/844/212 338/845/212 343/846/212
f 333/847/213 336/848/213 340/849/213 337/850/213
f 324/851/214 323/852/214 342/853/214 339/854/214
f 327/855/215 326/856/215 341/857/215
f 328/858/216 330/859/216 343/860/216
f 343/861/217 338/862/217 344/863/217 345/864/217
f 337/865/218 340/866/218 346/867/218 347/868/218
f 339/869/219 342/870/219 348/871/219 349/872/219
f 341/873/220 326/874/220 350/875/220
f 328/876/221 343/877/221 345/878/221
f 338/879/222 337/880/222 347/881/222 344/882/222
f 340/883/223 339/884/223 349/885/223 346/886/223
f 342/887/224 341/888/224 350/889/224 348/890/224
f 347/891/225 346/892/225 351/893/225 352/894/225
f 349/895/226 348/896/226 353/897/226 354/898/226
f 350/899/227 326/900/227 355/901/227
f 328/902/228 345/903/228 356/904/228
f 344/905/229 347/906/229 352/907/229 357/908/229
f 346/909/230 349/910/230 354/911/230 351/912/230
f 348/913/231 350/914/231 355/915/231 353/916/231
f 345/917/232 344/918/232 357/919/232 356/920/232
f 328/921/233 356/922/233 358/923/233
f 357/924/234 352/925/234 359/926/234 360/927/234
f 351/928/235 354/929/235 361/930/235 362/931/235
f 353/932/236 355/933/236 363/934/236 364/935/236
f 356/936/237 357/937/237 360/938/237 358/939/237
f 352/940/238 351/941/238 362/942/238 359/943/238
f 354/944/239 353/945/239 364/946/239 361/947/239
f 355/948/240 326/949/240 363/950/240
f 362/951/241 361/952/241 365/953/241 366/954/241
f 364/955/242 363/956/242 367/957/242 368/958/242
f 358/959/243 360/960/243 369/961/243 370/962/243
f 359/963/244 362/964/244 366/965/244 371/966/244
f 361/967/245 364/968/245 368/969/245 365/970/245
f 363/971/246 326/972/246 367/973/246
f 328/974/247 358/975/247 370/976/247
f 360/977/248 359/978/248 371/979/248 369/980/248
f 370/981/249 369/982/249 372/983/249 373/984/249
f 371/985/250 366/986/250 374/987/250 375/988/250
f 365/989/251 368/990/251 376/991/251 377/992/251
f 367/993/252 326/994/252 378/995/252
f 328/996/253 370/997/253 373/998/253
f 369/999/254 371/1000/254 375/1001/254 372/1002/254
f 366/1003/255 365/1004/255 377/1005/255 374/1006/255
f 368/1007/256 367/1008/256 378/1009/256 376/1010/256
f 377/1011/257 376/1012/257 379/1013/257 380/1014/257
f 378/1015/258 326/1016/258 381/1017/258
f 328/1018/259 373/1019/259 382/1020/259
f 372/1021/260 375/1022/260 383/1023/260 384/1024/260
f 374/1025/261 377/1026/261 380/1027/261 385/1028/261
f 376/1029/262 378/1030/262 381/1031/262 379/1032/262
f 373/1033/263 372/1034/263 384/1035/263 382/1036/263
f 375/1037/264 374/1038/264 385/1039/264 383/1040/264
f 328/1041/265 382/1042/265 386/1043/265
f 384/1044/266 383/1045/266 387/1046/266 388/1047/266
f 385/1048/267 380/1049/267 389/1050/267 390/1051/267
f 379/1052/268 381/1053/268 391/1054/268 392/1055/268
f 382/1056/269 384/1057/269 388/1058/269 386/1059/269
f 383/1060/270 385/1061/270 390/1062/270 387/1063/270
f 380/1064/271 379/1065/271 392/1066/271 389/1067/271
f 381/1068/272 326/1069/272 391/1070/272
f 392/1071/273 391/1072/273 393/1073/273 394/1074/273
f 386/1075/274 388/1076/274 395/1077/274 396/1078/274
f 387/1079/275 390/1080/275 397/1081/275 398/1082/275
f 389/1083/276 392/1084/276 394/1085/276 399/1086/276
f 391/1087/277 326/1088/277 393/1089/277
f 328/1090/278 386/1091/278 396/1092/278
f 388/1093/279 387/1094/279 398/1095/279 395/1096/279
f 390/1097/280 389/1098/280 399/1099/280 397/1100/280
f 396/1101/281 395/1102/281 400/1103/281 401/1104/281
f 398/1105/282 397/1106/282 402/1107/282 403/1108/282
f 399/1109/283 394/1110/283 404/1111/283 405/1112/283
f 393/1113/284 326/1114/284 406/1115/284
f 328/1116/285 396/1117/285 401/1118/285
f 395/1119/286 398/1120/286 403/1121/286 400/1122/286
f 397/1123/287 399/1124/287 405/1125/287 402/1126/287
f 394/1127/288 393/1128/288 406/1129/288 404/1130/288
f 406/1131/289 326/1132/289 407/1133/289
f 328/1134/290 401/1135/290 408/1136/290
f 400/1137/291 403/1138/291 409/1139/291 410/1140/291
f 402/1141/292 405/1142/292 411/1143/292 412/1144/292
f 404/1145/293 406/1146/293 407/1147/293 413/1148/293
f 401/1149/294 400/1150/294 410/1151/294 408/1152/294
f 403/1153/295 402/1154/295 412/1155/295 409/1156/295
f 405/1157/296 404/1158/296 413/1159/296 411/1160/296
f 410/1161/297 409/1162/297 414/1163/297 415/1164/297
f 412/1165/298 411/1166/298 416/1167/298 417/1168/298
f 413/1169/299 407/1170/299 418/1171/299 419/1172/299
f 408/1173/300 410/1174/300 415/1175/300 420/1176/300
f 409/1177/301 412/1178/301 417/1179/301 414/1180/301
f 411/1181/302 413/1182/302 419/1183/302 416/1184/302
f 407/1185/303 326/1186/303 418/1187/303
f 328/1188/304 408/1189/304 420/1190/304
f 420/1191/305 415/1192/305 421/1193/305 422/1194/305
f 414/1195/306 417/1196/306 423/1197/306 424/1198/306
f 416/1199/307 419/1200/307 425/1201/307 426/1202/307
f 418/1203/308 326/1204/308 427/1205/308
f 328/1206/309 420/1207/309 422/1208/309
f 415/1209/310 414/1210/310 424/1211/310 421/1212/310
f 417/1213/311 416/1214/311 426/1215/311 423/1216/311
f 419/1217/312 418/1218/312 427/1219/312 425/1220/312
f 424/1221/313 423/1222/313 428/1223/313 429/1224/313
f 426/1225/314 425/1226/314 430/1227/314 431/1228/314
f 427/1229/315 326/1230/315 432/1231/315
f 328/1232/316 422/1233/316 433/1234/316
f 421/1235/317 424/1236/317 429/1237/317 434/1238/317
f 423/1239/318 426/1240/318 431/1241/318 428/1242/318
f 425/1243/319 427/1244/319 432/1245/319 430/1246/319
f 422/1247/320 421/1248/320 434/1249/320 433/1250/320
f 328/1251/321 433/1252/321 329/1253/321
f 434/1254/322 429/1255/322 332/1256/322 331/1257/322
f 428/1258/323 431/1259/323 321/1260/323 335/1261/323
f 430/1262/324 432/1263/324 325/1264/324 322/1265/324
f 433/1266/325 434/1267/325 331/1268/325 329/1269/325
f 429/1270/326 428/1271/326 335/1272/326 332/1273/326
f 431/1274/327 430/1275/327 322/1276/327 321/1277/327
f 432/1278/328 326/1279/328 325/1280/328
o cube
v 0.5239177145228182 4.0046875 0.3077424707819554
v 0.5 4.0046875 0.25
v 0.5239177145228182 3.8796875 0.3077424707819554
v 0.5 3.8796875 0.25
v 0.32677258765413375 4.0046875 0.3217531435684543
v 0.35069030217695185 4.0046875 0.3794956143504098
v 0.32677258765413375 3.8796875 0.3217531435684543
v 0.35069030217695185 3.8796875 0.3794956143504098
vt 0.625 0.90625
vt 0.53125 0.90625
vt 0.53125 0.96875
vt 0.625 0.96875
vt 0.53125 0.9375
vt 0.5 0.9375
vt 0.5 1
vt 0.53125 1
vt 0.53125 0.96875
vt 0.625 0.96875
vt 0.625 0.90625
vt 0.53125 0.90625
vt 0.5 1
vt 0.53125 1
vt 0.53125 0.9375
vt 0.5 0.9375
vt 0.59609375 0.96875
vt 0.50234375 0.96875
vt 0.50234375 1
vt 0.59609375 1
vt 0.50234375 1
vt 0.53359375 1
vt 0.53359375 0.90625
vt 0.50234375 0.90625
vn -0.3826834323650897 0 -0.9238795325112867
vn 0.9238795325112867 0 -0.3826834323650897
vn 0.3826834323650897 0 0.9238795325112867
vn -0.9238795325112867 0 0.3826834323650897
vn 0 1 0
vn 0 -1 0
usemtl m_d71ff3dd-297f-c2b5-c192-7aedec8fb662
f 438/1284/329 441/1283/329 439/1282/329 436/1281/329
f 437/1288/330 438/1287/330 436/1286/330 435/1285/330
f 442/1292/331 437/1291/331 435/1290/331 440/1289/331
f 441/1296/332 442/1295/332 440/1294/332 439/1293/332
f 440/1300/333 435/1299/333 436/1298/333 439/1297/333
f 441/1304/334 438/1303/334 437/1302/334 442/1301/334
o cube
v 0.6493096978230481 4.0046875 0.3794956143504098
v 0.6732274123458661 4.0046875 0.3217531435684543
v 0.6493096978230481 3.8796875 0.3794956143504098
v 0.6732274123458661 3.8796875 0.3217531435684543
v 0.5 4.0046875 0.25
v 0.4760822854771819 4.0046875 0.3077424707819554
v 0.5 3.8796875 0.25
v 0.4760822854771819 3.8796875 0.3077424707819554
vt 0.59375 0.96875
vt 0.59375 0.875
vt 0.53125 0.875
vt 0.53125 0.96875
vt 0.53125 0.9375
vt 0.5 0.9375
vt 0.5 1
vt 0.53125 1
vt 0.53125 0.875
vt 0.53125 0.96875
vt 0.59375 0.96875
vt 0.59375 0.875
vt 0.5 1
vt 0.53125 1
vt 0.53125 0.9375
vt 0.5 0.9375
vt 0.59609375 0.96875
vt 0.50234375 0.96875
vt 0.50234375 1
vt 0.59609375 1
vt 0.50234375 1
vt 0.53359375 1
vt 0.53359375 0.90625
vt 0.50234375 0.90625
vn 0.3826834323650897 0 -0.9238795325112867
vn 0.9238795325112867 0 0.3826834323650897
vn -0.3826834323650897 0 0.9238795325112867
vn -0.9238795325112867 0 -0.3826834323650897
vn 0 1 0
vn 0 -1 0
usemtl m_d71ff3dd-297f-c2b5-c192-7aedec8fb662
f 446/1308/335 449/1307/335 447/1306/335 444/1305/335
f 445/1312/336 446/1311/336 444/1310/336 443/1309/336
f 450/1316/337 445/1315/337 443/1314/337 448/1313/337
f 449/1320/338 450/1319/338 448/1318/338 447/1317/338
f 448/1324/339 443/1323/339 444/1322/339 447/1321/339
f 449/1328/340 446/1327/340 445/1326/340 450/1325/340
o cube
v 0.38418311435040975 4.0046875 0.6446221978230482
v 0.31242997078195556 4.0046875 0.47139478547718194
v 0.38418311435040975 3.8796875 0.6446221978230482
v 0.31242997078195556 3.8796875 0.47139478547718194
v 0.25468750000000007 4.0046875 0.49531250000000004
v 0.32644064356845437 4.0046875 0.6685399123458664
v 0.25468750000000007 3.8796875 0.49531250000000004
v 0.32644064356845437 3.8796875 0.6685399123458664
vt 0.53125 0.9375
vt 0.5 0.9375
vt 0.5 1
vt 0.53125 1
vt 0.53125 1
vt 0.625 1
vt 0.625 0.9375
vt 0.53125 0.9375
vt 0.5 1
vt 0.53125 1
vt 0.53125 0.9375
vt 0.5 0.9375
vt 0.625 0.9375
vt 0.53125 0.9375
vt 0.53125 1
vt 0.625 1
vt 0.53359375 0.90625
vt 0.50234375 0.90625
vt 0.50234375 1
vt 0.53359375 1
vt 0.50234375 1
vt 0.53359375 1
vt 0.53359375 0.90625
vt 0.50234375 0.90625
vn -0.3826834323650897 0 -0.9238795325112867
vn 0.9238795325112867 0 -0.3826834323650897
vn 0.3826834323650897 0 0.9238795325112867
vn -0.9238795325112867 0 0.3826834323650897
vn 0 1 0
vn 0 -1 0
usemtl m_d71ff3dd-297f-c2b5-c192-7aedec8fb662
f 454/1332/341 457/1331/341 455/1330/341 452/1329/341
f 453/1336/342 454/1335/342 452/1334/342 451/1333/342
f 458/1340/343 453/1339/343 451/1338/343 456/1337/343
f 457/1344/344 458/1343/344 456/1342/344 455/1341/344
f 456/1348/345 451/1347/345 452/1346/345 455/1345/345
f 457/1352/346 454/1351/346 453/1350/346 458/1349/346
o cube
v 0.31242997078195556 4.0046875 0.519230214522818
v 0.38418311435040975 4.0046875 0.3460028021769519
v 0.31242997078195556 3.8796875 0.519230214522818
v 0.38418311435040975 3.8796875 0.3460028021769519
v 0.32644064356845437 4.0046875 0.3220850876541338
v 0.25468750000000007 4.0046875 0.49531250000000004
v 0.32644064356845437 3.8796875 0.3220850876541338
v 0.25468750000000007 3.8796875 0.49531250000000004
vt 0.53125 0.9375
vt 0.5 0.9375
vt 0.5 1
vt 0.53125 1
vt 0.53125 0.90625
vt 0.53125 1
vt 0.59375 1
vt 0.59375 0.90625
vt 0.5 1
vt 0.53125 1
vt 0.53125 0.9375
vt 0.5 0.9375
vt 0.59375 1
vt 0.59375 0.90625
vt 0.53125 0.90625
vt 0.53125 1
vt 0.53359375 0.90625
vt 0.50234375 0.90625
vt 0.50234375 1
vt 0.53359375 1
vt 0.50234375 1
vt 0.53359375 1
vt 0.53359375 0.90625
vt 0.50234375 0.90625
vn 0.3826834323650897 0 -0.9238795325112867
vn 0.9238795325112867 0 0.3826834323650897
vn -0.3826834323650897 0 0.9238795325112867
vn -0.9238795325112867 0 -0.3826834323650897
vn 0 1 0
vn 0 -1 0
usemtl m_d71ff3dd-297f-c2b5-c192-7aedec8fb662
f 462/1356/347 465/1355/347 463/1354/347 460/1353/347
f 461/1360/348 462/1359/348 460/1358/348 459/1357/348
f 466/1364/349 461/1363/349 459/1362/349 464/1361/349
f 465/1368/350 466/1367/350 464/1366/350 463/1365/350
f 464/1372/351 459/1371/351 460/1370/351 463/1369/351
f 465/1376/352 462/1375/352 461/1374/352 466/1373/352
o cube
v 0.6732274123458661 4.0046875 0.6688718564315459
v 0.6493096978230481 4.0046875 0.6111293856495903
v 0.6732274123458661 3.8796875 0.6688718564315459
v 0.6493096978230481 3.8796875 0.6111293856495903
v 0.4760822854771819 4.0046875 0.6828825292180447
v 0.5 4.0046875 0.7406250000000001
v 0.4760822854771819 3.8796875 0.6828825292180447
v 0.5 3.8796875 0.7406250000000001
vt 0.53125 1
vt 0.625 1
vt 0.625 0.9375
vt 0.53125 0.9375
vt 0.53125 0.9375
vt 0.5 0.9375
vt 0.5 1
vt 0.53125 1
vt 0.625 0.9375
vt 0.53125 0.9375
vt 0.53125 1
vt 0.625 1
vt 0.5 1
vt 0.53125 1
vt 0.53125 0.9375
vt 0.5 0.9375
vt 0.59609375 0.96875
vt 0.50234375 0.96875
vt 0.50234375 1
vt 0.59609375 1
vt 0.50234375 1
vt 0.53359375 1
vt 0.53359375 0.90625
vt 0.50234375 0.90625
vn -0.3826834323650897 0 -0.9238795325112867
vn 0.9238795325112867 0 -0.3826834323650897
vn 0.3826834323650897 0 0.9238795325112867
vn -0.9238795325112867 0 0.3826834323650897
vn 0 1 0
vn 0 -1 0
usemtl m_d71ff3dd-297f-c2b5-c192-7aedec8fb662
f 470/1380/353 473/1379/353 471/1378/353 468/1377/353
f 469/1384/354 470/1383/354 468/1382/354 467/1381/354
f 474/1388/355 469/1387/355 467/1386/355 472/1385/355
f 473/1392/356 474/1391/356 472/1390/356 471/1389/356
f 472/1396/357 467/1395/357 468/1394/357 471/1393/357
f 473/1400/358 470/1399/358 469/1398/358 474/1397/358
o cube
v 0.5 4.0046875 0.7406250000000001
v 0.5239177145228182 4.0046875 0.6828825292180447
v 0.5 3.8796875 0.7406250000000001
v 0.5239177145228182 3.8796875 0.6828825292180447
v 0.35069030217695185 4.0046875 0.6111293856495903
v 0.32677258765413375 4.0046875 0.6688718564315459
v 0.35069030217695185 3.8796875 0.6111293856495903
v 0.32677258765413375 3.8796875 0.6688718564315459
vt 0.53125 0.875
vt 0.53125 0.96875
vt 0.59375 0.96875
vt 0.59375 0.875
vt 0.53125 0.9375
vt 0.5 0.9375
vt 0.5 1
vt 0.53125 1
vt 0.59375 0.96875
vt 0.59375 0.875
vt 0.53125 0.875
vt 0.53125 0.96875
vt 0.5 1
vt 0.53125 1
vt 0.53125 0.9375
vt 0.5 0.9375
vt 0.59609375 0.96875
vt 0.50234375 0.96875
vt 0.50234375 1
vt 0.59609375 1
vt 0.50234375 1
vt 0.53359375 1
vt 0.53359375 0.90625
vt 0.50234375 0.90625
vn 0.3826834323650897 0 -0.9238795325112867
vn 0.9238795325112867 0 0.3826834323650897
vn -0.3826834323650897 0 0.9238795325112867
vn -0.9238795325112867 0 -0.3826834323650897
vn 0 1 0
vn 0 -1 0
usemtl m_d71ff3dd-297f-c2b5-c192-7aedec8fb662
f 478/1404/359 481/1403/359 479/1402/359 476/1401/359
f 477/1408/360 478/1407/360 476/1406/360 475/1405/360
f 482/1412/361 477/1411/361 475/1410/361 480/1409/361
f 481/1416/362 482/1415/362 480/1414/362 479/1413/362
f 480/1420/363 475/1419/363 476/1418/363 479/1417/363
f 481/1424/364 478/1423/364 477/1422/364 482/1421/364
o cube
v 0.7453125 4.0046875 0.49531250000000004
v 0.6735593564315456 4.0046875 0.3220850876541338
v 0.7453125 3.8796875 0.49531250000000004
v 0.6735593564315456 3.8796875 0.3220850876541338
v 0.6158168856495903 4.0046875 0.3460028021769519
v 0.6875700292180447 4.0046875 0.519230214522818
v 0.6158168856495903 3.8796875 0.3460028021769519
v 0.6875700292180447 3.8796875 0.519230214522818
vt 0.53125 0.9375
vt 0.5 0.9375
vt 0.5 1
vt 0.53125 1
vt 0.625 0.9375
vt 0.53125 0.9375
vt 0.53125 1
vt 0.625 1
vt 0.5 1
vt 0.53125 1
vt 0.53125 0.9375
vt 0.5 0.9375
vt 0.53125 1
vt 0.625 1
vt 0.625 0.9375
vt 0.53125 0.9375
vt 0.53359375 0.90625
vt 0.50234375 0.90625
vt 0.50234375 1
vt 0.53359375 1
vt 0.50234375 1
vt 0.53359375 1
vt 0.53359375 0.90625
vt 0.50234375 0.90625
vn -0.3826834323650897 0 -0.9238795325112867
vn 0.9238795325112867 0 -0.3826834323650897
vn 0.3826834323650897 0 0.9238795325112867
vn -0.9238795325112867 0 0.3826834323650897
vn 0 1 0
vn 0 -1 0
usemtl m_d71ff3dd-297f-c2b5-c192-7aedec8fb662
f 486/1428/365 489/1427/365 487/1426/365 484/1425/365
f 485/1432/366 486/1431/366 484/1430/366 483/1429/366
f 490/1436/367 485/1435/367 483/1434/367 488/1433/367
f 489/1440/368 490/1439/368 488/1438/368 487/1437/368
f 488/1444/369 483/1443/369 484/1442/369 487/1441/369
f 489/1448/370 486/1447/370 485/1446/370 490/1445/370
o cube
v 0.6735593564315456 4.0046875 0.6685399123458664
v 0.7453125 4.0046875 0.49531250000000004
v 0.6735593564315456 3.8796875 0.6685399123458664
v 0.7453125 3.8796875 0.49531250000000004
v 0.6875700292180447 4.0046875 0.47139478547718194
v 0.6158168856495903 4.0046875 0.6446221978230482
v 0.6875700292180447 3.8796875 0.47139478547718194
v 0.6158168856495903 3.8796875 0.6446221978230482
vt 0.53125 0.9375
vt 0.5 0.9375
vt 0.5 1
vt 0.53125 1
vt 0.59375 1
vt 0.59375 0.90625
vt 0.53125 0.90625
vt 0.53125 1
vt 0.5 1
vt 0.53125 1
vt 0.53125 0.9375
vt 0.5 0.9375
vt 0.53125 0.90625
vt 0.53125 1
vt 0.59375 1
vt 0.59375 0.90625
vt 0.53359375 0.90625
vt 0.50234375 0.90625
vt 0.50234375 1
vt 0.53359375 1
vt 0.50234375 1
vt 0.53359375 1
vt 0.53359375 0.90625
vt 0.50234375 0.90625
vn 0.3826834323650897 0 -0.9238795325112867
vn 0.9238795325112867 0 0.3826834323650897
vn -0.3826834323650897 0 0.9238795325112867
vn -0.9238795325112867 0 -0.3826834323650897
vn 0 1 0
vn 0 -1 0
usemtl m_d71ff3dd-297f-c2b5-c192-7aedec8fb662
f 494/1452/371 497/1451/371 495/1450/371 492/1449/371
f 493/1456/372 494/1455/372 492/1454/372 491/1453/372
f 498/1460/373 493/1459/373 491/1458/373 496/1457/373
f 497/1464/374 498/1463/374 496/1462/374 495/1461/374
f 496/1468/375 491/1467/375 492/1466/375 495/1465/375
f 497/1472/376 494/1471/376 493/1470/376 498/1469/376
o cube
v 0.5625 3.9421875 0.6828125
v 0.5625 3.9421875 0.6203125
v 0.5625 3.7546875 0.6828125
v 0.5625 3.7546875 0.6203125
v 0.4375 3.9421875 0.6203125
v 0.4375 3.9421875 0.6828125
v 0.4375 3.7546875 0.6203125
v 0.4375 3.7546875 0.6828125
vt 0.8125 0.96875
vt 0.875 0.96875
vt 0.875 0.875
vt 0.8125 0.875
vt 0.8125 0.96875
vt 0.875 0.96875
vt 0.875 0.875
vt 0.8125 0.875
vt 0.875 0.9375
vt 0.84375 0.9375
vt 0.84375 1
vt 0.875 1
vt 0.96875 0.9375
vt 1 0.9375
vt 1 0.875
vt 0.96875 0.875
vn 0 0 -1
vn 0 0 1
vn 0 1 0
vn 0 -1 0
usemtl m_d71ff3dd-297f-c2b5-c192-7aedec8fb662
f 502/1476/377 505/1475/377 503/1474/377 500/1473/377
f 506/1480/378 501/1479/378 499/1478/378 504/1477/378
f 504/1484/379 499/1483/379 500/1482/379 503/1481/379
f 505/1488/380 502/1487/380 501/1486/380 506/1485/380
o cube
v 0.375 3.9421875 0.5578125
v 0.375 3.9421875 0.43281250000000004
v 0.375 3.7546875 0.5578125
v 0.375 3.7546875 0.43281250000000004
v 0.3125 3.9421875 0.43281250000000004
v 0.3125 3.9421875 0.5578125
v 0.3125 3.7546875 0.43281250000000004
v 0.3125 3.7546875 0.5578125
vt 0.8125 0.96875
vt 0.875 0.96875
vt 0.875 0.875
vt 0.8125 0.875
vt 0.8125 0.96875
vt 0.875 0.96875
vt 0.875 0.875
vt 0.8125 0.875
vt 0.875 0.9375
vt 0.84375 0.9375
vt 0.84375 1
vt 0.875 1
vt 0.96875 0.9375
vt 1 0.9375
vt 1 0.875
vt 0.96875 0.875
vn 1 0 0
vn -1 0 0
vn 0 1 0
vn 0 -1 0
usemtl m_d71ff3dd-297f-c2b5-c192-7aedec8fb662
f 509/1492/381 510/1491/381 508/1490/381 507/1489/381
f 513/1496/382 514/1495/382 512/1494/382 511/1493/382
f 512/1500/383 507/1499/383 508/1498/383 511/1497/383
f 513/1504/384 510/1503/384 509/1502/384 514/1501/384
o cube
v 0.6875 3.9421875 0.5578125
v 0.6875 3.9421875 0.43281250000000004
v 0.6875 3.7546875 0.5578125
v 0.6875 3.7546875 0.43281250000000004
v 0.625 3.9421875 0.43281250000000004
v 0.625 3.9421875 0.5578125
v 0.625 3.7546875 0.43281250000000004
v 0.625 3.7546875 0.5578125
vt 0.75 0.96875
vt 0.8125 0.96875
vt 0.8125 0.875
vt 0.75 0.875
vt 0.75 0.96875
vt 0.8125 0.96875
vt 0.8125 0.875
vt 0.75 0.875
vt 0.875 0.9375
vt 0.84375 0.9375
vt 0.84375 1
vt 0.875 1
vt 0.96875 0.9375
vt 1 0.9375
vt 1 0.875
vt 0.96875 0.875
vn 1 0 0
vn -1 0 0
vn 0 1 0
vn 0 -1 0
usemtl m_d71ff3dd-297f-c2b5-c192-7aedec8fb662
f 517/1508/385 518/1507/385 516/1506/385 515/1505/385
f 521/1512/386 522/1511/386 520/1510/386 519/1509/386
f 520/1516/387 515/1515/387 516/1514/387 519/1513/387
f 521/1520/388 518/1519/388 517/1518/388 522/1517/388
o cube
v 0.5625 3.9421875 0.37031250000000004
v 0.5625 3.9421875 0.30781250000000004
v 0.5625 3.7546875 0.37031250000000004
v 0.5625 3.7546875 0.30781250000000004
v 0.4375 3.9421875 0.30781250000000004
v 0.4375 3.9421875 0.37031250000000004
v 0.4375 3.7546875 0.30781250000000004
v 0.4375 3.7546875 0.37031250000000004
vt 0.75 0.96875
vt 0.8125 0.96875
vt 0.8125 0.875
vt 0.75 0.875
vt 0.75 0.96875
vt 0.8125 0.96875
vt 0.8125 0.875
vt 0.75 0.875
vt 0.875 0.9375
vt 0.84375 0.9375
vt 0.84375 1
vt 0.875 1
vt 0.96875 0.9375
vt 1 0.9375
vt 1 0.875
vt 0.96875 0.875
vn 0 0 -1
vn 0 0 1
vn 0 1 0
vn 0 -1 0
usemtl m_d71ff3dd-297f-c2b5-c192-7aedec8fb662
f 526/1524/389 529/1523/389 527/1522/389 524/1521/389
f 530/1528/390 525/1527/390 523/1526/390 528/1525/390
f 528/1532/391 523/1531/391 524/1530/391 527/1529/391
f 529/1536/392 526/1535/392 525/1534/392 530/1533/392
o cube
v 0.4375 3.9421875 0.6828125
v 0.4728553390593274 3.9421875 0.6474571609406725
v 0.4375 3.7546875 0.6828125
v 0.4728553390593274 3.7546875 0.6474571609406725
v 0.3480067980060777 3.9421875 0.5226086198874229
v 0.31265145894675017 3.9421875 0.5579639589467502
v 0.3480067980060777 3.7546875 0.5226086198874229
v 0.31265145894675017 3.7546875 0.5579639589467502
vt 0.78125 0.96875
vt 0.86953125 0.96875
vt 0.86953125 0.875
vt 0.78125 0.875
vt 0.78125 0.96875
vt 0.86953125 0.96875
vt 0.86953125 0.875
vt 0.78125 0.875
vt 0.875 0.9375
vt 0.84375 0.9375
vt 0.84375 1
vt 0.875 1
vt 0.91171875 0.9375
vt 1 0.9375
vt 1 0.9125
vt 0.91171875 0.9125
vn 0.7071067811865476 0 -0.7071067811865475
vn -0.7071067811865476 0 0.7071067811865475
vn 0 1 0
vn 0 -1 0
usemtl m_d71ff3dd-297f-c2b5-c192-7aedec8fb662
f 534/1540/393 537/1539/393 535/1538/393 532/1537/393
f 538/1544/394 533/1543/394 531/1542/394 536/1541/394
f 536/1548/395 531/1547/395 532/1546/395 535/1545/395
f 537/1552/396 534/1551/396 533/1550/396 538/1549/396
o cube
v 0.6873485410532498 3.9421875 0.5579639589467502
v 0.6519932019939223 3.9421875 0.5226086198874229
v 0.6873485410532498 3.7546875 0.5579639589467502
v 0.6519932019939223 3.7546875 0.5226086198874229
v 0.5271446609406727 3.9421875 0.6474571609406725
v 0.5625 3.9421875 0.6828125
v 0.5271446609406727 3.7546875 0.6474571609406725
v 0.5625 3.7546875 0.6828125
vt 0.7703125 0.96875
vt 0.85859375 0.96875
vt 0.85859375 0.875
vt 0.7703125 0.875
vt 0.7703125 0.96875
vt 0.85859375 0.96875
vt 0.85859375 0.875
vt 0.7703125 0.875
vt 0.875 0.9375
vt 0.84375 0.9375
vt 0.84375 1
vt 0.875 1
vt 0.91171875 0.9375
vt 1 0.9375
vt 1 0.9125
vt 0.91171875 0.9125
vn -0.7071067811865476 0 -0.7071067811865475
vn 0.7071067811865476 0 0.7071067811865475
vn 0 1 0
vn 0 -1 0
usemtl m_d71ff3dd-297f-c2b5-c192-7aedec8fb662
f 542/1556/397 545/1555/397 543/1554/397 540/1553/397
f 546/1560/398 541/1559/398 539/1558/398 544/1557/398
f 544/1564/399 539/1563/399 540/1562/399 543/1561/399
f 545/1568/400 542/1567/400 541/1566/400 546/1565/400
o cube
v 0.4728553390593274 3.9421875 0.34316783905932746
v 0.4375 3.9421875 0.30781250000000004
v 0.4728553390593274 3.7546875 0.34316783905932746
v 0.4375 3.7546875 0.30781250000000004
v 0.31265145894675017 3.9421875 0.4326610410532499
v 0.3480067980060777 3.9421875 0.4680163801125772
v 0.31265145894675017 3.7546875 0.4326610410532499
v 0.3480067980060777 3.7546875 0.4680163801125772
vt 0.78125 0.96875
vt 0.86953125 0.96875
vt 0.86953125 0.875
vt 0.78125 0.875
vt 0.78125 0.96875
vt 0.86953125 0.96875
vt 0.86953125 0.875
vt 0.78125 0.875
vt 0.875 0.9375
vt 0.84375 0.9375
vt 0.84375 1
vt 0.875 1
vt 0.91171875 0.9375
vt 1 0.9375
vt 1 0.9125
vt 0.91171875 0.9125
vn -0.7071067811865476 0 -0.7071067811865475
vn 0.7071067811865476 0 0.7071067811865475
vn 0 1 0
vn 0 -1 0
usemtl m_d71ff3dd-297f-c2b5-c192-7aedec8fb662
f 550/1572/401 553/1571/401 551/1570/401 548/1569/401
f 554/1576/402 549/1575/402 547/1574/402 552/1573/402
f 552/1580/403 547/1579/403 548/1578/403 551/1577/403
f 553/1584/404 550/1583/404 549/1582/404 554/1581/404
o cube
v 0.6519932019939223 3.9421875 0.4680163801125772
v 0.6873485410532498 3.9421875 0.4326610410532499
v 0.6519932019939223 3.7546875 0.4680163801125772
v 0.6873485410532498 3.7546875 0.4326610410532499
v 0.5625 3.9421875 0.30781250000000004
v 0.5271446609406727 3.9421875 0.34316783905932746
v 0.5625 3.7546875 0.30781250000000004
v 0.5271446609406727 3.7546875 0.34316783905932746
vt 0.78125 0.96875
vt 0.8695312500000001 0.96875
vt 0.8695312500000001 0.875
vt 0.78125 0.875
vt 0.78125 0.96875
vt 0.8695312500000001 0.96875
vt 0.8695312500000001 0.875
vt 0.78125 0.875
vt 0.875 0.9375
vt 0.84375 0.9375
vt 0.84375 1
vt 0.875 1
vt 0.91171875 0.9375
vt 1 0.9375
vt 1 0.9125
vt 0.91171875 0.9125
vn 0.7071067811865476 0 -0.7071067811865475
vn -0.7071067811865476 0 0.7071067811865475
vn 0 1 0
vn 0 -1 0
usemtl m_d71ff3dd-297f-c2b5-c192-7aedec8fb662
f 558/1588/405 561/1587/405 559/1586/405 556/1585/405
f 562/1592/406 557/1591/406 555/1590/406 560/1589/406
f 560/1596/407 555/1595/407 556/1594/407 559/1593/407
f 561/1600/408 558/1599/408 557/1598/408 562/1597/408
o cube
v 0.5625 1.2453124999999998 0.37031250000000004
v 0.5625 1.2453124999999998 0.30781250000000004
v 0.5625 1.0578124999999998 0.37031250000000004
v 0.5625 1.0578124999999998 0.30781250000000004
v 0.4375 1.2453124999999998 0.30781250000000004
v 0.4375 1.2453124999999998 0.37031250000000004
v 0.4375 1.0578124999999998 0.30781250000000004
v 0.4375 1.0578124999999998 0.37031250000000004
vt 0.75 0.875
vt 0.8125 0.875
vt 0.8125 0.96875
vt 0.75 0.96875
vt 0.75 0.875
vt 0.8125 0.875
vt 0.8125 0.96875
vt 0.75 0.96875
vt 0.96875 0.875
vt 1 0.875
vt 1 0.9375
vt 0.96875 0.9375
vt 0.875 1
vt 0.84375 1
vt 0.84375 0.9375
vt 0.875 0.9375
vn 0 0 -1
vn 0 0 1
vn 0 1 0
vn 0 -1 0
usemtl m_d71ff3dd-297f-c2b5-c192-7aedec8fb662
f 566/1604/409 569/1603/409 567/1602/409 564/1601/409
f 570/1608/410 565/1607/410 563/1606/410 568/1605/410
f 568/1612/411 563/1611/411 564/1610/411 567/1609/411
f 569/1616/412 566/1615/412 565/1614/412 570/1613/412
o cube
v 0.5239177145228182 1.1203124999999998 0.3077424707819554
v 0.5 1.1203124999999998 0.25
v 0.5239177145228182 0.9953124999999998 0.3077424707819554
v 0.5 0.9953124999999998 0.25
v 0.32677258765413375 1.1203124999999998 0.3217531435684543
v 0.35069030217695185 1.1203124999999998 0.3794956143504098
v 0.32677258765413375 0.9953124999999998 0.3217531435684543
v 0.35069030217695185 0.9953124999999998 0.3794956143504098
vt 0.625 0.96875
vt 0.53125 0.96875
vt 0.53125 0.90625
vt 0.625 0.90625
vt 0.53125 1
vt 0.5 1
vt 0.5 0.9375
vt 0.53125 0.9375
vt 0.53125 0.90625
vt 0.625 0.90625
vt 0.625 0.96875
vt 0.53125 0.96875
vt 0.5 0.9375
vt 0.53125 0.9375
vt 0.53125 1
vt 0.5 1
vt 0.50234375 0.90625
vt 0.53359375 0.90625
vt 0.53359375 1
vt 0.50234375 1
vt 0.59609375 1
vt 0.50234375 1
vt 0.50234375 0.96875
vt 0.59609375 0.96875
vn -0.3826834323650897 0 -0.9238795325112867
vn 0.9238795325112867 0 -0.3826834323650897
vn 0.3826834323650897 0 0.9238795325112867
vn -0.9238795325112867 0 0.3826834323650897
vn 0 1 0
vn 0 -1 0
usemtl m_d71ff3dd-297f-c2b5-c192-7aedec8fb662
f 574/1620/413 577/1619/413 575/1618/413 572/1617/413
f 573/1624/414 574/1623/414 572/1622/414 571/1621/414
f 578/1628/415 573/1627/415 571/1626/415 576/1625/415
f 577/1632/416 578/1631/416 576/1630/416 575/1629/416
f 576/1636/417 571/1635/417 572/1634/417 575/1633/417
f 577/1640/418 574/1639/418 573/1638/418 578/1637/418
o cube
v 0.6493096978230481 1.1203124999999998 0.3794956143504098
v 0.6732274123458661 1.1203124999999998 0.3217531435684543
v 0.6493096978230481 0.9953124999999998 0.3794956143504098
v 0.6732274123458661 0.9953124999999998 0.3217531435684543
v 0.5 1.1203124999999998 0.25
v 0.4760822854771819 1.1203124999999998 0.3077424707819554
v 0.5 0.9953124999999998 0.25
v 0.4760822854771819 0.9953124999999998 0.3077424707819554
vt 0.53125 0.96875
vt 0.53125 0.875
vt 0.59375 0.875
vt 0.59375 0.96875
vt 0.53125 1
vt 0.5 1
vt 0.5 0.9375
vt 0.53125 0.9375
vt 0.59375 0.875
vt 0.59375 0.96875
vt 0.53125 0.96875
vt 0.53125 0.875
vt 0.5 0.9375
vt 0.53125 0.9375
vt 0.53125 1
vt 0.5 1
vt 0.50234375 0.90625
vt 0.53359375 0.90625
vt 0.53359375 1
vt 0.50234375 1
vt 0.59609375 1
vt 0.50234375 1
vt 0.50234375 0.96875
vt 0.59609375 0.96875
vn 0.3826834323650897 0 -0.9238795325112867
vn 0.9238795325112867 0 0.3826834323650897
vn -0.3826834323650897 0 0.9238795325112867
vn -0.9238795325112867 0 -0.3826834323650897
vn 0 1 0
vn 0 -1 0
usemtl m_d71ff3dd-297f-c2b5-c192-7aedec8fb662
f 582/1644/419 585/1643/419 583/1642/419 580/1641/419
f 581/1648/420 582/1647/420 580/1646/420 579/1645/420
f 586/1652/421 581/1651/421 579/1650/421 584/1649/421
f 585/1656/422 586/1655/422 584/1654/422 583/1653/422
f 584/1660/423 579/1659/423 580/1658/423 583/1657/423
f 585/1664/424 582/1663/424 581/1662/424 586/1661/424
o cube
v 0.38418311435040975 1.1203124999999998 0.6446221978230482
v 0.31242997078195556 1.1203124999999998 0.47139478547718194
v 0.38418311435040975 0.9953124999999998 0.6446221978230482
v 0.31242997078195556 0.9953124999999998 0.47139478547718194
v 0.25468750000000007 1.1203124999999998 0.49531250000000004
v 0.32644064356845437 1.1203124999999998 0.6685399123458664
v 0.25468750000000007 0.9953124999999998 0.49531250000000004
v 0.32644064356845437 0.9953124999999998 0.6685399123458664
vt 0.53125 1
vt 0.5 1
vt 0.5 0.9375
vt 0.53125 0.9375
vt 0.53125 0.9375
vt 0.625 0.9375
vt 0.625 1
vt 0.53125 1
vt 0.5 0.9375
vt 0.53125 0.9375
vt 0.53125 1
vt 0.5 1
vt 0.625 1
vt 0.53125 1
vt 0.53125 0.9375
vt 0.625 0.9375
vt 0.50234375 0.90625
vt 0.53359375 0.90625
vt 0.53359375 1
vt 0.50234375 1
vt 0.53359375 1
vt 0.50234375 1
vt 0.50234375 0.90625
vt 0.53359375 0.90625
vn -0.3826834323650897 0 -0.9238795325112867
vn 0.9238795325112867 0 -0.3826834323650897
vn 0.3826834323650897 0 0.9238795325112867
vn -0.9238795325112867 0 0.3826834323650897
vn 0 1 0
vn 0 -1 0
usemtl m_d71ff3dd-297f-c2b5-c192-7aedec8fb662
f 590/1668/425 593/1667/425 591/1666/425 588/1665/425
f 589/1672/426 590/1671/426 588/1670/426 587/1669/426
f 594/1676/427 589/1675/427 587/1674/427 592/1673/427
f 593/1680/428 594/1679/428 592/1678/428 591/1677/428
f 592/1684/429 587/1683/429 588/1682/429 591/1681/429
f 593/1688/430 590/1687/430 589/1686/430 594/1685/430
o cube
v 0.31242997078195556 1.1203124999999998 0.519230214522818
v 0.38418311435040975 1.1203124999999998 0.3460028021769519
v 0.31242997078195556 0.9953124999999998 0.519230214522818
v 0.38418311435040975 0.9953124999999998 0.3460028021769519
v 0.32644064356845437 1.1203124999999998 0.3220850876541338
v 0.25468750000000007 1.1203124999999998 0.49531250000000004
v 0.32644064356845437 0.9953124999999998 0.3220850876541338
v 0.25468750000000007 0.9953124999999998 0.49531250000000004
vt 0.53125 1
vt 0.5 1
vt 0.5 0.9375
vt 0.53125 0.9375
vt 0.59375 0.90625
vt 0.59375 1
vt 0.53125 1
vt 0.53125 0.90625
vt 0.5 0.9375
vt 0.53125 0.9375
vt 0.53125 1
vt 0.5 1
vt 0.53125 1
vt 0.53125 0.90625
vt 0.59375 0.90625
vt 0.59375 1
vt 0.50234375 0.90625
vt 0.53359375 0.90625
vt 0.53359375 1
vt 0.50234375 1
vt 0.53359375 1
vt 0.50234375 1
vt 0.50234375 0.90625
vt 0.53359375 0.90625
vn 0.3826834323650897 0 -0.9238795325112867
vn 0.9238795325112867 0 0.3826834323650897
vn -0.3826834323650897 0 0.9238795325112867
vn -0.9238795325112867 0 -0.3826834323650897
vn 0 1 0
vn 0 -1 0
usemtl m_d71ff3dd-297f-c2b5-c192-7aedec8fb662
f 598/1692/431 601/1691/431 599/1690/431 596/1689/431
f 597/1696/432 598/1695/432 596/1694/432 595/1693/432
f 602/1700/433 597/1699/433 595/1698/433 600/1697/433
f 601/1704/434 602/1703/434 600/1702/434 599/1701/434
f 600/1708/435 595/1707/435 596/1706/435 599/1705/435
f 601/1712/436 598/1711/436 597/1710/436 602/1709/436
o cube
v 0.6732274123458661 1.1203124999999998 0.6688718564315459
v 0.6493096978230481 1.1203124999999998 0.6111293856495903
v 0.6732274123458661 0.9953124999999998 0.6688718564315459
v 0.6493096978230481 0.9953124999999998 0.6111293856495903
v 0.4760822854771819 1.1203124999999998 0.6828825292180447
v 0.5 1.1203124999999998 0.7406250000000001
v 0.4760822854771819 0.9953124999999998 0.6828825292180447
v 0.5 0.9953124999999998 0.7406250000000001
vt 0.53125 0.9375
vt 0.625 0.9375
vt 0.625 1
vt 0.53125 1
vt 0.53125 1
vt 0.5 1
vt 0.5 0.9375
vt 0.53125 0.9375
vt 0.625 1
vt 0.53125 1
vt 0.53125 0.9375
vt 0.625 0.9375
vt 0.5 0.9375
vt 0.53125 0.9375
vt 0.53125 1
vt 0.5 1
vt 0.50234375 0.90625
vt 0.53359375 0.90625
vt 0.53359375 1
vt 0.50234375 1
vt 0.59609375 1
vt 0.50234375 1
vt 0.50234375 0.96875
vt 0.59609375 0.96875
vn -0.3826834323650897 0 -0.9238795325112867
vn 0.9238795325112867 0 -0.3826834323650897
vn 0.3826834323650897 0 0.9238795325112867
vn -0.9238795325112867 0 0.3826834323650897
vn 0 1 0
vn 0 -1 0
usemtl m_d71ff3dd-297f-c2b5-c192-7aedec8fb662
f 606/1716/437 609/1715/437 607/1714/437 604/1713/437
f 605/1720/438 606/1719/438 604/1718/438 603/1717/438
f 610/1724/439 605/1723/439 603/1722/439 608/1721/439
f 609/1728/440 610/1727/440 608/1726/440 607/1725/440
f 608/1732/441 603/1731/441 604/1730/441 607/1729/441
f 609/1736/442 606/1735/442 605/1734/442 610/1733/442
o cube
v 0.5 1.1203124999999998 0.7406250000000001
v 0.5239177145228182 1.1203124999999998 0.6828825292180447
v 0.5 0.9953124999999998 0.7406250000000001
v 0.5239177145228182 0.9953124999999998 0.6828825292180447
v 0.35069030217695185 1.1203124999999998 0.6111293856495903
v 0.32677258765413375 1.1203124999999998 0.6688718564315459
v 0.35069030217695185 0.9953124999999998 0.6111293856495903
v 0.32677258765413375 0.9953124999999998 0.6688718564315459
vt 0.59375 0.875
vt 0.59375 0.96875
vt 0.53125 0.96875
vt 0.53125 0.875
vt 0.53125 1
vt 0.5 1
vt 0.5 0.9375
vt 0.53125 0.9375
vt 0.53125 0.96875
vt 0.53125 0.875
vt 0.59375 0.875
vt 0.59375 0.96875
vt 0.5 0.9375
vt 0.53125 0.9375
vt 0.53125 1
vt 0.5 1
vt 0.50234375 0.90625
vt 0.53359375 0.90625
vt 0.53359375 1
vt 0.50234375 1
vt 0.59609375 1
vt 0.50234375 1
vt 0.50234375 0.96875
vt 0.59609375 0.96875
vn 0.3826834323650897 0 -0.9238795325112867
vn 0.9238795325112867 0 0.3826834323650897
vn -0.3826834323650897 0 0.9238795325112867
vn -0.9238795325112867 0 -0.3826834323650897
vn 0 1 0
vn 0 -1 0
usemtl m_d71ff3dd-297f-c2b5-c192-7aedec8fb662
f 614/1740/443 617/1739/443 615/1738/443 612/1737/443
f 613/1744/444 614/1743/444 612/1742/444 611/1741/444
f 618/1748/445 613/1747/445 611/1746/445 616/1745/445
f 617/1752/446 618/1751/446 616/1750/446 615/1749/446
f 616/1756/447 611/1755/447 612/1754/447 615/1753/447
f 617/1760/448 614/1759/448 613/1758/448 618/1757/448
o cube
v 0.7453125 1.1203124999999998 0.49531250000000004
v 0.6735593564315456 1.1203124999999998 0.3220850876541338
v 0.7453125 0.9953124999999998 0.49531250000000004
v 0.6735593564315456 0.9953124999999998 0.3220850876541338
v 0.6158168856495903 1.1203124999999998 0.3460028021769519
v 0.6875700292180447 1.1203124999999998 0.519230214522818
v 0.6158168856495903 0.9953124999999998 0.3460028021769519
v 0.6875700292180447 0.9953124999999998 0.519230214522818
vt 0.53125 1
vt 0.5 1
vt 0.5 0.9375
vt 0.53125 0.9375
vt 0.625 1
vt 0.53125 1
vt 0.53125 0.9375
vt 0.625 0.9375
vt 0.5 0.9375
vt 0.53125 0.9375
vt 0.53125 1
vt 0.5 1
vt 0.53125 0.9375
vt 0.625 0.9375
vt 0.625 1
vt 0.53125 1
vt 0.50234375 0.90625
vt 0.53359375 0.90625
vt 0.53359375 1
vt 0.50234375 1
vt 0.53359375 1
vt 0.50234375 1
vt 0.50234375 0.90625
vt 0.53359375 0.90625
vn -0.3826834323650897 0 -0.9238795325112867
vn 0.9238795325112867 0 -0.3826834323650897
vn 0.3826834323650897 0 0.9238795325112867
vn -0.9238795325112867 0 0.3826834323650897
vn 0 1 0
vn 0 -1 0
usemtl m_d71ff3dd-297f-c2b5-c192-7aedec8fb662
f 622/1764/449 625/1763/449 623/1762/449 620/1761/449
f 621/1768/450 622/1767/450 620/1766/450 619/1765/450
f 626/1772/451 621/1771/451 619/1770/451 624/1769/451
f 625/1776/452 626/1775/452 624/1774/452 623/1773/452
f 624/1780/453 619/1779/453 620/1778/453 623/1777/453
f 625/1784/454 622/1783/454 621/1782/454 626/1781/454
o cube
v 0.6735593564315456 1.1203124999999998 0.6685399123458664
v 0.7453125 1.1203124999999998 0.49531250000000004
v 0.6735593564315456 0.9953124999999998 0.6685399123458664
v 0.7453125 0.9953124999999998 0.49531250000000004
v 0.6875700292180447 1.1203124999999998 0.47139478547718194
v 0.6158168856495903 1.1203124999999998 0.6446221978230482
v 0.6875700292180447 0.9953124999999998 0.47139478547718194
v 0.6158168856495903 0.9953124999999998 0.6446221978230482
vt 0.53125 1
vt 0.5 1
vt 0.5 0.9375
vt 0.53125 0.9375
vt 0.53125 1
vt 0.53125 0.90625
vt 0.59375 0.90625
vt 0.59375 1
vt 0.5 0.9375
vt 0.53125 0.9375
vt 0.53125 1
vt 0.5 1
vt 0.59375 0.90625
vt 0.59375 1
vt 0.53125 1
vt 0.53125 0.90625
vt 0.50234375 0.90625
vt 0.53359375 0.90625
vt 0.53359375 1
vt 0.50234375 1
vt 0.53359375 1
vt 0.50234375 1
vt 0.50234375 0.90625
vt 0.53359375 0.90625
vn 0.3826834323650897 0 -0.9238795325112867
vn 0.9238795325112867 0 0.3826834323650897
vn -0.3826834323650897 0 0.9238795325112867
vn -0.9238795325112867 0 -0.3826834323650897
vn 0 1 0
vn 0 -1 0
usemtl m_d71ff3dd-297f-c2b5-c192-7aedec8fb662
f 630/1788/455 633/1787/455 631/1786/455 628/1785/455
f 629/1792/456 630/1791/456 628/1790/456 627/1789/456
f 634/1796/457 629/1795/457 627/1794/457 632/1793/457
f 633/1800/458 634/1799/458 632/1798/458 631/1797/458
f 632/1804/459 627/1803/459 628/1802/459 631/1801/459
f 633/1808/460 630/1807/460 629/1806/460 634/1805/460
o cube
v 0.5625 1.2453124999999998 0.6828125
v 0.5625 1.2453124999999998 0.6203125
v 0.5625 1.0578124999999998 0.6828125
v 0.5625 1.0578124999999998 0.6203125
v 0.4375 1.2453124999999998 0.6203125
v 0.4375 1.2453124999999998 0.6828125
v 0.4375 1.0578124999999998 0.6203125
v 0.4375 1.0578124999999998 0.6828125
vt 0.8125 0.875
vt 0.875 0.875
vt 0.875 0.96875
vt 0.8125 0.96875
vt 0.8125 0.875
vt 0.875 0.875
vt 0.875 0.96875
vt 0.8125 0.96875
vt 0.96875 0.875
vt 1 0.875
vt 1 0.9375
vt 0.96875 0.9375
vt 0.875 1
vt 0.84375 1
vt 0.84375 0.9375
vt 0.875 0.9375
vn 0 0 -1
vn 0 0 1
vn 0 1 0
vn 0 -1 0
usemtl m_d71ff3dd-297f-c2b5-c192-7aedec8fb662
f 638/1812/461 641/1811/461 639/1810/461 636/1809/461
f 642/1816/462 637/1815/462 635/1814/462 640/1813/462
f 640/1820/463 635/1819/463 636/1818/463 639/1817/463
f 641/1824/464 638/1823/464 637/1822/464 642/1821/464
o cube
v 0.375 1.2453124999999998 0.5578125
v 0.375 1.2453124999999998 0.43281250000000004
v 0.375 1.0578124999999998 0.5578125
v 0.375 1.0578124999999998 0.43281250000000004
v 0.3125 1.2453124999999998 0.43281250000000004
v 0.3125 1.2453124999999998 0.5578125
v 0.3125 1.0578124999999998 0.43281250000000004
v 0.3125 1.0578124999999998 0.5578125
vt 0.8125 0.875
vt 0.875 0.875
vt 0.875 0.96875
vt 0.8125 0.96875
vt 0.8125 0.875
vt 0.875 0.875
vt 0.875 0.96875
vt 0.8125 0.96875
vt 0.96875 0.875
vt 1 0.875
vt 1 0.9375
vt 0.96875 0.9375
vt 0.875 1
vt 0.84375 1
vt 0.84375 0.9375
vt 0.875 0.9375
vn 1 0 0
vn -1 0 0
vn 0 1 0
vn 0 -1 0
usemtl m_d71ff3dd-297f-c2b5-c192-7aedec8fb662
f 645/1828/465 646/1827/465 644/1826/465 643/1825/465
f 649/1832/466 650/1831/466 648/1830/466 647/1829/466
f 648/1836/467 643/1835/467 644/1834/467 647/1833/467
f 649/1840/468 646/1839/468 645/1838/468 650/1837/468
o cube
v 0.6875 1.2453124999999998 0.5578125
v 0.6875 1.2453124999999998 0.43281250000000004
v 0.6875 1.0578124999999998 0.5578125
v 0.6875 1.0578124999999998 0.43281250000000004
v 0.625 1.2453124999999998 0.43281250000000004
v 0.625 1.2453124999999998 0.5578125
v 0.625 1.0578124999999998 0.43281250000000004
v 0.625 1.0578124999999998 0.5578125
vt 0.75 0.875
vt 0.8125 0.875
vt 0.8125 0.96875
vt 0.75 0.96875
vt 0.75 0.875
vt 0.8125 0.875
vt 0.8125 0.96875
vt 0.75 0.96875
vt 0.96875 0.875
vt 1 0.875
vt 1 0.9375
vt 0.96875 0.9375
vt 0.875 1
vt 0.84375 1
vt 0.84375 0.9375
vt 0.875 0.9375
vn 1 0 0
vn -1 0 0
vn 0 1 0
vn 0 -1 0
usemtl m_d71ff3dd-297f-c2b5-c192-7aedec8fb662
f 653/1844/469 654/1843/469 652/1842/469 651/1841/469
f 657/1848/470 658/1847/470 656/1846/470 655/1845/470
f 656/1852/471 651/1851/471 652/1850/471 655/1849/471
f 657/1856/472 654/1855/472 653/1854/472 658/1853/472
o cube
v 0.4375 1.2453124999999998 0.6828125
v 0.4728553390593274 1.2453124999999998 0.6474571609406725
v 0.4375 1.0578124999999998 0.6828125
v 0.4728553390593274 1.0578124999999998 0.6474571609406725
v 0.3480067980060777 1.2453124999999998 0.5226086198874229
v 0.31265145894675017 1.2453124999999998 0.5579639589467502
v 0.3480067980060777 1.0578124999999998 0.5226086198874229
v 0.31265145894675017 1.0578124999999998 0.5579639589467502
vt 0.78125 0.875
vt 0.86953125 0.875
vt 0.86953125 0.96875
vt 0.78125 0.96875
vt 0.78125 0.875
vt 0.86953125 0.875
vt 0.86953125 0.96875
vt 0.78125 0.96875
vt 0.91171875 0.9125
vt 1 0.9125
vt 1 0.9375
vt 0.91171875 0.9375
vt 0.875 1
vt 0.84375 1
vt 0.84375 0.9375
vt 0.875 0.9375
vn 0.7071067811865476 0 -0.7071067811865475
vn -0.7071067811865476 0 0.7071067811865475
vn 0 1 0
vn 0 -1 0
usemtl m_d71ff3dd-297f-c2b5-c192-7aedec8fb662
f 662/1860/473 665/1859/473 663/1858/473 660/1857/473
f 666/1864/474 661/1863/474 659/1862/474 664/1861/474
f 664/1868/475 659/1867/475 660/1866/475 663/1865/475
f 665/1872/476 662/1871/476 661/1870/476 666/1869/476
o cube
v 0.6873485410532498 1.2453124999999998 0.5579639589467502
v 0.6519932019939223 1.2453124999999998 0.5226086198874229
v 0.6873485410532498 1.0578124999999998 0.5579639589467502
v 0.6519932019939223 1.0578124999999998 0.5226086198874229
v 0.5271446609406727 1.2453124999999998 0.6474571609406725
v 0.5625 1.2453124999999998 0.6828125
v 0.5271446609406727 1.0578124999999998 0.6474571609406725
v 0.5625 1.0578124999999998 0.6828125
vt 0.7703125 0.875
vt 0.85859375 0.875
vt 0.85859375 0.96875
vt 0.7703125 0.96875
vt 0.7703125 0.875
vt 0.85859375 0.875
vt 0.85859375 0.96875
vt 0.7703125 0.96875
vt 0.91171875 0.9125
vt 1 0.9125
vt 1 0.9375
vt 0.91171875 0.9375
vt 0.875 1
vt 0.84375 1
vt 0.84375 0.9375
vt 0.875 0.9375
vn -0.7071067811865476 0 -0.7071067811865475
vn 0.7071067811865476 0 0.7071067811865475
vn 0 1 0
vn 0 -1 0
usemtl m_d71ff3dd-297f-c2b5-c192-7aedec8fb662
f 670/1876/477 673/1875/477 671/1874/477 668/1873/477
f 674/1880/478 669/1879/478 667/1878/478 672/1877/478
f 672/1884/479 667/1883/479 668/1882/479 671/1881/479
f 673/1888/480 670/1887/480 669/1886/480 674/1885/480
o cube
v 0.4728553390593274 1.2453124999999998 0.34316783905932746
v 0.4375 1.2453124999999998 0.30781250000000004
v 0.4728553390593274 1.0578124999999998 0.34316783905932746
v 0.4375 1.0578124999999998 0.30781250000000004
v 0.31265145894675017 1.2453124999999998 0.4326610410532499
v 0.3480067980060777 1.2453124999999998 0.4680163801125772
v 0.31265145894675017 1.0578124999999998 0.4326610410532499
v 0.3480067980060777 1.0578124999999998 0.4680163801125772
vt 0.78125 0.875
vt 0.86953125 0.875
vt 0.86953125 0.96875
vt 0.78125 0.96875
vt 0.78125 0.875
vt 0.86953125 0.875
vt 0.86953125 0.96875
vt 0.78125 0.96875
vt 0.91171875 0.9125
vt 1 0.9125
vt 1 0.9375
vt 0.91171875 0.9375
vt 0.875 1
vt 0.84375 1
vt 0.84375 0.9375
vt 0.875 0.9375
vn -0.7071067811865476 0 -0.7071067811865475
vn 0.7071067811865476 0 0.7071067811865475
vn 0 1 0
vn 0 -1 0
usemtl m_d71ff3dd-297f-c2b5-c192-7aedec8fb662
f 678/1892/481 681/1891/481 679/1890/481 676/1889/481
f 682/1896/482 677/1895/482 675/1894/482 680/1893/482
f 680/1900/483 675/1899/483 676/1898/483 679/1897/483
f 681/1904/484 678/1903/484 677/1902/484 682/1901/484
o cube
v 0.6519932019939223 1.2453124999999998 0.4680163801125772
v 0.6873485410532498 1.2453124999999998 0.4326610410532499
v 0.6519932019939223 1.0578124999999998 0.4680163801125772
v 0.6873485410532498 1.0578124999999998 0.4326610410532499
v 0.5625 1.2453124999999998 0.30781250000000004
v 0.5271446609406727 1.2453124999999998 0.34316783905932746
v 0.5625 1.0578124999999998 0.30781250000000004
v 0.5271446609406727 1.0578124999999998 0.34316783905932746
vt 0.78125 0.875
vt 0.8695312500000001 0.875
vt 0.8695312500000001 0.96875
vt 0.78125 0.96875
vt 0.78125 0.875
vt 0.8695312500000001 0.875
vt 0.8695312500000001 0.96875
vt 0.78125 0.96875
vt 0.91171875 0.9125
vt 1 0.9125
vt 1 0.9375
vt 0.91171875 0.9375
vt 0.875 1
vt 0.84375 1
vt 0.84375 0.9375
vt 0.875 0.9375
vn 0.7071067811865476 0 -0.7071067811865475
vn -0.7071067811865476 0 0.7071067811865475
vn 0 1 0
vn 0 -1 0
usemtl m_d71ff3dd-297f-c2b5-c192-7aedec8fb662
f 686/1908/485 689/1907/485 687/1906/485 684/1905/485
f 690/1912/486 685/1911/486 683/1910/486 688/1909/486
f 688/1916/487 683/1915/487 684/1914/487 687/1913/487
f 689/1920/488 686/1919/488 685/1918/488 690/1917/488